﻿Designator,Quantity,Value,Footprint,Package,MPN,DNP,Mount_Type,Mouser
"C1, C2",2,4.7U X7R 50V,C_1206_3216Metric_Pad1.33x1.80mm_HandSolder,,,,smt, 80-C1206X475J5RACTU 
"C3, C4, Cm1",3,47U 50V,CP_Radial_D6.3mm_P2.50mm,,,,tht,
"C5, C6",2,1000U 50V,CP_Radial_D12.5mm_P5.00mm,,,,tht,
CSn1,1,220N PP 100V,C_Rect_L18.0mm_W7.0mm_P15.00mm_FKS3_FKP3,,,,tht, 505-MKP1D032204D00JB 
Cf1,1,680p 50V C0G,C_1206_3216Metric_Pad1.33x1.80mm_HandSolder,,,,smt, 603-CC126GRNPO9BN681 
Cf2,1,47P 50V C0G,C_1206_3216Metric_Pad1.33x1.80mm_HandSolder,,,,smt,791-1206N470F500CT
Ci1,1,470U,CP_Radial_D12.5mm_P5.00mm,,,,tht,
Cin1,1,22u NICHICON MUSE ES 25V,C_Radial_D6.3mm_H5.0mm_P2.50mm,,,,tht,
Cin2,1,0.1u C0G 50V,C_1206_3216Metric_Pad1.33x1.80mm_HandSolder,,,,smt, 81-GRT31C5C1H104FA2L 
D1,1,BLUE,LED_0603_1608Metric_Pad1.05x0.95mm_HandSolder,,,,smt,
D2,1,YELLOW,LED_0603_1608Metric_Pad1.05x0.95mm_HandSolder,,,,smt,
"H1, H2, H3, H4",4,MountingHole,M3 Slot,,,,tht,
"J1, J12, J2, J8",4,Conn_01x02_Male,JST_PH_B2B-PH-K_1x02_P2.00mm_Vertical,,,,tht,
"J11, J3",2,Conn_01x03_Male,JST_VH_B3P-VH-B_1x03_P3.96mm_Vertical,,,,tht,
"J4, J5",2,Conn_01x02_Male,PinHeader_1x02_P2.54mm_Vertical,,,,tht,
"J6, J9",2,Conn_01x02_Male,JST_VH_B2P-VH_1x02_P3.96mm_Vertical,,,,tht,
J7,1,Conn_01x03_Male,PinHeader_1x03_P2.54mm_Vertical,,,,tht,
L1,1,500nH,500nH Inductor Aliexpress Air Gap,,,,tht,
R1,1,15R,R_1206_3216Metric_Pad1.30x1.75mm_HandSolder,,,,smt,
R2,1,1.4k,R_1206_3216Metric_Pad1.30x1.75mm_HandSolder,,,,smt,603-RT1206FRE07750RL 
"R3, R4",2,16K,R_0603_1608Metric_Pad0.98x0.95mm_HandSolder,,,,smt,
RB1,1,1.0K,R_1206_3216Metric_Pad1.30x1.75mm_HandSolder,,,,smt,603-RT1206FRE131KL
RSn1,1,10R,R_4020_10251Metric_Pad1.65x5.30mm_HandSolder,,,,smt,279-355010RJT
RSn2,1,4R7 2W,R_2512_6332Metric_Pad1.40x3.35mm_HandSolder,,,,smt,603-RC2512JK-7W4R7
Rf1,1,20k,R_1206_3216Metric_Pad1.30x1.75mm_HandSolder,,,,smt,603-RT1206FRD0720KL
"Rf2, Rin1",2,20K,R_1206_3216Metric_Pad1.30x1.75mm_HandSolder,,,,smt,603-RT1206FRD0720KL
Rm1,1,39K,R_1206_3216Metric_Pad1.30x1.75mm_HandSolder,,,,smt, 603-RC1206JR-0739KL 
U1,1,LM3886,TO-220-11_P3.4x5.08mm_StaggerOdd_Lead4.85mm_Vertical,,,,tht,
