﻿pos_x,pos_y,rotation,side,designator,mpn,pack,footprint,value,mount_type
79.8,-96.95,180.0,top,C1,,,C_1206_3216Metric_Pad1.33x1.80mm_HandSolder,4.7U X7R 50V,smt
85.8,-96.95,0.0,top,C2,,,C_1206_3216Metric_Pad1.33x1.80mm_HandSolder,4.7U X7R 50V,smt
78.617621,-102.95,0.0,top,C3,,,CP_Radial_D6.3mm_P2.50mm,47U 50V,tht
85.8,-102.95,0.0,top,C4,,,CP_Radial_D6.3mm_P2.50mm,47U 50V,tht
83.3,-116.45,90.0,top,C5,,,CP_Radial_D12.5mm_P5.00mm,1000U 50V,tht
96.8,-116.45,90.0,top,C6,,,CP_Radial_D12.5mm_P5.00mm,1000U 50V,tht
118.8,-91.55,180.0,top,CSn1,,,C_Rect_L18.0mm_W7.0mm_P15.00mm_FKS3_FKP3,220N PP 100V,tht
81.03,-71.276232,0.0,top,Cf1,,,C_1206_3216Metric_Pad1.33x1.80mm_HandSolder,680p 50V C0G,smt
91.45,-80.98,90.0,top,Cf2,,,C_1206_3216Metric_Pad1.33x1.80mm_HandSolder,47P 50V C0G,smt
100.076041,-70.55,0.0,top,Ci1,,,CP_Radial_D12.5mm_P5.00mm,470U,tht
87.85,-57.35,180.0,top,Cin1,,,C_Radial_D6.3mm_H5.0mm_P2.50mm,22u NICHICON MUSE ES 25V,tht
90.2,-51.35,180.0,top,Cin2,,,C_1206_3216Metric_Pad1.33x1.80mm_HandSolder,0.1u C0G 50V,smt
89.8,-68.95,90.0,top,Cm1,,,CP_Radial_D6.3mm_P2.50mm,47U 50V,tht
126.755,-79.995,-90.0,top,D1,,,LED_0603_1608Metric_Pad1.05x0.95mm_HandSolder,BLUE,smt
126.755,-93.175,90.0,top,D2,,,LED_0603_1608Metric_Pad1.05x0.95mm_HandSolder,YELLOW,smt
81.7,-39.95,0.0,top,H1,,,M3 Slot,MountingHole,tht
125.8,-39.95,0.0,top,H2,,,M3 Slot,MountingHole,tht
81.7,-129.95,0.0,top,H3,,,M3 Slot,MountingHole,tht
125.8,-129.95,0.0,top,H4,,,M3 Slot,MountingHole,tht
93.9,-40.95,180.0,top,J1,,,JST_PH_B2B-PH-K_1x02_P2.00mm_Vertical,Conn_01x02_Male,tht
126.8,-115.03,-90.0,top,J11,,,JST_VH_B3P-VH-B_1x03_P3.96mm_Vertical,Conn_01x03_Male,tht
93.9,-130.15,180.0,top,J12,,,JST_PH_B2B-PH-K_1x02_P2.00mm_Vertical,Conn_01x02_Male,tht
101.8,-130.15,180.0,top,J2,,,JST_PH_B2B-PH-K_1x02_P2.00mm_Vertical,Conn_01x02_Male,tht
126.8,-48.7875,-90.0,top,J3,,,JST_VH_B3P-VH-B_1x03_P3.96mm_Vertical,Conn_01x03_Male,tht
97.8,-49.05,180.0,top,J4,,,PinHeader_1x02_P2.54mm_Vertical,Conn_01x02_Male,tht
97.3,-61.315,180.0,top,J5,,,PinHeader_1x02_P2.54mm_Vertical,Conn_01x02_Male,tht
126.8,-62.45,-90.0,top,J6,,,JST_VH_B2P-VH_1x02_P3.96mm_Vertical,Conn_01x02_Male,tht
118.6,-72.025,0.0,top,J7,,,PinHeader_1x03_P2.54mm_Vertical,Conn_01x03_Male,tht
101.8,-40.95,180.0,top,J8,,,JST_PH_B2B-PH-K_1x02_P2.00mm_Vertical,Conn_01x02_Male,tht
126.8,-104.99,-90.0,top,J9,,,JST_VH_B2P-VH_1x02_P3.96mm_Vertical,Conn_01x02_Male,tht
111.3,-57.95,-45.0,top,L1,,,500nH Inductor Aliexpress Air Gap,500nH,tht
126.6,-70.55,180.0,top,R1,,,R_1206_3216Metric_Pad1.30x1.75mm_HandSolder,15R,smt
94.3,-80.95,-90.0,top,R2,,,R_1206_3216Metric_Pad1.30x1.75mm_HandSolder,1.4k,smt
126.715,-83.6625,-90.0,top,R3,,,R_0603_1608Metric_Pad0.98x0.95mm_HandSolder,16K,smt
126.8,-89.65,90.0,top,R4,,,R_0603_1608Metric_Pad0.98x0.95mm_HandSolder,16K,smt
81.0,-66.95,180.0,top,RB1,,,R_1206_3216Metric_Pad1.30x1.75mm_HandSolder,1.0K,smt
114.8,-83.55,180.0,top,RSn1,,,R_4020_10251Metric_Pad1.65x5.30mm_HandSolder,10R,smt
102.6,-83.95,180.0,top,RSn2,,,R_2512_6332Metric_Pad1.40x3.35mm_HandSolder,4R7 2W,smt
88.6,-80.95,90.0,top,Rf1,,,R_1206_3216Metric_Pad1.30x1.75mm_HandSolder,20k,smt
89.85,-86.05,0.0,top,Rf2,,,R_1206_3216Metric_Pad1.30x1.75mm_HandSolder,20K,smt
86.1,-46.05,180.0,top,Rin1,,,R_1206_3216Metric_Pad1.30x1.75mm_HandSolder,20K,smt
90.0,-74.75,180.0,top,Rm1,,,R_1206_3216Metric_Pad1.30x1.75mm_HandSolder,39K,smt
84.88,-92.65,90.0,top,U1,,,TO-220-11_P3.4x5.08mm_StaggerOdd_Lead4.85mm_Vertical,LM3886,tht
