﻿Designator,Quantity,Value,Footprint,Package,MPN,DNP,Mount_Type,Description,Mouser
"C1, C10, C13, C5, C7",5,0.1u,C_0805_2012Metric_Pad1.18x1.45mm_HandSolder,,,,smt,"Unpolarized capacitor, small symbol",791-0805N103G250CT
"C11, C2, C4",3,470u,CP_Radial_D6.3mm_P2.50mm,,,,tht,,
"C12, C14, C3, C6, C8, C9",6,10u,C_1206_3216Metric_Pad1.33x1.80mm_HandSolder,,,,smt,"Unpolarized capacitor, small symbol",
C15,1,1u,C_1206_3216Metric_Pad1.33x1.80mm_HandSolder,,,,smt,"Unpolarized capacitor, small symbol",
"C16, C17, C18, C19",4,10n C0G,C_0805_2012Metric_Pad1.18x1.45mm_HandSolder,,,,smt,"Unpolarized capacitor, small symbol",791-0805N103G250CT
"C20, C21, C22, C23",4,10u NICHICON 25V,CP_Radial_D5.0mm_P2.00mm,,,,tht,"Unpolarized capacitor, small symbol",
"D1, D3",2,BLUE,LED_0603_1608Metric,,,,smt,Light emitting diode,
D2,1,YELLOW,LED_0603_1608Metric,,,,smt,Light emitting diode,
"H1, H2, H3, H4",4,MountingHole,MountingHole_3.2mm_M3_DIN965_Pad_TopOnly,,,,tht,,
"J1, J4",2,Conn_01x04_Pin,JST_PH_B4B-PH-K_1x04_P2.00mm_Vertical,,,,tht,"Generic connector, single row, 01x04, script generated",
J2,1,Conn_01x02_Male,PinHeader_1x02_P2.54mm_Vertical,,,,tht,,
"J3, J5, J6",3,Conn_01x03_Pin,JST_PH_B3B-PH-K_1x03_P2.00mm_Vertical,,,,tht,,
R1,1,150R,R_0603_1608Metric_Pad0.98x0.95mm_HandSolder,,,,smt,"Resistor, small symbol",
"R10, R11, R8, R9",4,100R,R_0805_2012Metric_Pad1.20x1.40mm_HandSolder,,,,smt,"Resistor, small symbol",603-RT0805FRE13100RL
R2,1,650R,R_0603_1608Metric_Pad0.98x0.95mm_HandSolder,,,,smt,"Resistor, small symbol",
R3,1,1.3K,R_0603_1608Metric_Pad0.98x0.95mm_HandSolder,,,,smt,"Resistor, small symbol",
"R4, R5, R6, R7",4,22R,R_0805_2012Metric_Pad1.20x1.40mm_HandSolder,,,,smt,"Resistor, small symbol",603-RT0805FRE0722RL
U1,1,ASDMB-xxxMHz,Oscillator_SMD_Abracon_ASE-4Pin_3.2x2.5mm,,,,smt,"1.8-3.3V SMD Ultra Miniature Crystal Clock Oscillator, Abracon",346-3225Z24.5760C1KX 
U2,1,ZLDO1117QG33TA,SOT-223-3_TabPin2,,,,smt,,
U3,1,PCM1863,TSSOP-30_4.4x7.8mm_P0.5mm,,,,smt,,595-PCM1863DBT
