﻿pos_x,pos_y,rotation,side,designator,mpn,pack,footprint,value,mount_type
115.7364,-69.765,0.0,top,C1,,,C_0805_2012Metric_Pad1.18x1.45mm_HandSolder,0.1u,smt
118.8364,-83.645,0.0,top,C10,,,C_0805_2012Metric_Pad1.18x1.45mm_HandSolder,0.1u,smt
166.3364,-85.365,0.0,top,C11,,,CP_Radial_D6.3mm_P2.50mm,470u,tht
119.4364,-85.965,0.0,top,C12,,,C_1206_3216Metric_Pad1.33x1.80mm_HandSolder,10u,smt
119.8364,-89.4025,0.0,top,C13,,,C_0805_2012Metric_Pad1.18x1.45mm_HandSolder,0.1u,smt
127.7364,-89.765,0.0,top,C14,,,C_1206_3216Metric_Pad1.33x1.80mm_HandSolder,10u,smt
120.5739,-92.065,0.0,top,C15,,,C_1206_3216Metric_Pad1.33x1.80mm_HandSolder,1u,smt
123.2739,-99.365,180.0,top,C16,,,C_0805_2012Metric_Pad1.18x1.45mm_HandSolder,10n C0G,smt
131.316512,-99.365,0.0,top,C17,,,C_0805_2012Metric_Pad1.18x1.45mm_HandSolder,10n C0G,smt
143.3489,-99.365,180.0,top,C18,,,C_0805_2012Metric_Pad1.18x1.45mm_HandSolder,10n C0G,smt
151.6614,-99.365,0.0,top,C19,,,C_0805_2012Metric_Pad1.18x1.45mm_HandSolder,10n C0G,smt
166.3364,-70.565,0.0,top,C2,,,CP_Radial_D6.3mm_P2.50mm,470u,tht
122.2614,-105.495,0.0,top,C20,,,CP_Radial_D5.0mm_P2.00mm,10u NICHICON 25V,tht
128.7614,-105.495,0.0,top,C21,,,CP_Radial_D5.0mm_P2.00mm,10u NICHICON 25V,tht
140.4614,-105.495,0.0,top,C22,,,CP_Radial_D5.0mm_P2.00mm,10u NICHICON 25V,tht
146.906288,-105.495,0.0,top,C23,,,CP_Radial_D5.0mm_P2.00mm,10u NICHICON 25V,tht
148.3364,-76.29,0.0,top,C3,,,C_1206_3216Metric_Pad1.33x1.80mm_HandSolder,10u,smt
166.3364,-77.965,0.0,top,C4,,,CP_Radial_D6.3mm_P2.50mm,470u,tht
118.7739,-78.9825,0.0,top,C5,,,C_0805_2012Metric_Pad1.18x1.45mm_HandSolder,0.1u,smt
115.0364,-80.565,90.0,top,C6,,,C_1206_3216Metric_Pad1.33x1.80mm_HandSolder,10u,smt
112.7364,-81.065,90.0,top,C7,,,C_0805_2012Metric_Pad1.18x1.45mm_HandSolder,0.1u,smt
119.3739,-81.3025,0.0,top,C8,,,C_1206_3216Metric_Pad1.33x1.80mm_HandSolder,10u,smt
148.4364,-81.265,0.0,top,C9,,,C_1206_3216Metric_Pad1.33x1.80mm_HandSolder,10u,smt
157.789692,-62.665,180.0,top,D1,,,LED_0603_1608Metric,BLUE,smt
157.789692,-65.565,180.0,top,D2,,,LED_0603_1608Metric,YELLOW,smt
157.789692,-68.475,180.0,top,D3,,,LED_0603_1608Metric,BLUE,smt
102.8364,-63.465,0.0,top,J1,,,JST_PH_B4B-PH-K_1x04_P2.00mm_Vertical,Conn_01x04_Pin,tht
161.0364,-105.265,0.0,top,J2,,,PinHeader_1x02_P2.54mm_Vertical,Conn_01x02_Male,tht
168.0364,-107.165,90.0,top,J3,,,JST_PH_B3B-PH-K_1x03_P2.00mm_Vertical,Conn_01x03_Pin,tht
102.8364,-112.765,0.0,top,J4,,,JST_PH_B4B-PH-K_1x04_P2.00mm_Vertical,Conn_01x04_Pin,tht
123.6364,-112.765,0.0,top,J5,,,JST_PH_B3B-PH-K_1x03_P2.00mm_Vertical,Conn_01x03_Pin,tht
142.1364,-112.765,0.0,top,J6,,,JST_PH_B3B-PH-K_1x03_P2.00mm_Vertical,Conn_01x03_Pin,tht
154.5364,-62.665,180.0,top,R1,,,R_0603_1608Metric_Pad0.98x0.95mm_HandSolder,150R,smt
139.4614,-99.395,0.0,top,R10,,,R_0805_2012Metric_Pad1.20x1.40mm_HandSolder,100R,smt
147.7614,-99.395,0.0,top,R11,,,R_0805_2012Metric_Pad1.20x1.40mm_HandSolder,100R,smt
154.5364,-65.565,180.0,top,R2,,,R_0603_1608Metric_Pad0.98x0.95mm_HandSolder,650R,smt
154.5364,-68.465,180.0,top,R3,,,R_0603_1608Metric_Pad0.98x0.95mm_HandSolder,1.3K,smt
101.5364,-70.665,90.0,top,R4,,,R_0805_2012Metric_Pad1.20x1.40mm_HandSolder,22R,smt
104.503066,-70.665,90.0,top,R5,,,R_0805_2012Metric_Pad1.20x1.40mm_HandSolder,22R,smt
107.469732,-70.665,90.0,top,R6,,,R_0805_2012Metric_Pad1.20x1.40mm_HandSolder,22R,smt
110.4364,-70.665,90.0,top,R7,,,R_0805_2012Metric_Pad1.20x1.40mm_HandSolder,22R,smt
119.1364,-99.395,0.0,top,R8,,,R_0805_2012Metric_Pad1.20x1.40mm_HandSolder,100R,smt
127.316512,-99.395,0.0,top,R9,,,R_0805_2012Metric_Pad1.20x1.40mm_HandSolder,100R,smt
115.6364,-73.065,-90.0,top,U1,,,Oscillator_SMD_Abracon_ASE-4Pin_3.2x2.5mm,ASDMB-xxxMHz,smt
156.1364,-78.74,180.0,top,U2,,,SOT-223-3_TabPin2,ZLDO1117QG33TA,smt
110.8364,-88.8025,180.0,top,U3,,,TSSOP-30_4.4x7.8mm_P0.5mm,PCM1863,smt
