﻿pos_x,pos_y,rotation,side,designator,mpn,pack,footprint,value,mount_type
112.75,-133.75,0.0,top,C1,,,C_Rect_L13.0mm_W6.0mm_P10.00mm_FKS3_FKP3_MKS4,100N,tht
112.75,-144.25,0.0,top,C2,,,C_Rect_L13.0mm_W6.0mm_P10.00mm_FKS3_FKP3_MKS4,100N,tht
105.6,-109.0,180.0,top,D1,,,Diode_Bridge_Bourns_CD-DF4xxS,652-CD-DF408SL,smt
114.075,-93.8,180.0,top,D2,,,LED_0603_1608Metric_Pad1.05x0.95mm_HandSolder,YELLOW,smt
119.5,-109.0,180.0,top,D3,,,Diode_Bridge_Bourns_CD-DF4xxS,652-CD-DF408SL,smt
114.1,-96.05,180.0,top,D4,,,LED_0603_1608Metric_Pad1.05x0.95mm_HandSolder,BLUE,smt
108.4575,-84.5,0.0,top,J1,,,JST_VH_B3P-VH_1x03_P3.96mm_Vertical,Conn_01x03_Male,tht
105.55,-131.4925,-90.0,top,J2,,,JST_VH_B2P-VH-B_1x02_P3.96mm_Vertical,Conn_01x02_Male,tht
105.5,-142.2425,-90.0,top,J3,,,JST_VH_B2P-VH-B_1x02_P3.96mm_Vertical,Conn_01x02_Male,tht
110.1,-93.8,0.0,top,R1,,,R_0603_1608Metric_Pad0.98x0.95mm_HandSolder,16K,smt
107.105,-121.5,180.0,top,R2,,,R_2512_6332Metric,10R 2W,smt
110.1,-96.05,0.0,top,R3,,,R_0603_1608Metric_Pad0.98x0.95mm_HandSolder,16K,smt
119.02,-121.5,180.0,top,R4,,,R_2512_6332Metric,10R 2W,smt
