﻿Designator,Quantity,Value,Footprint,Package,MPN,DNP,Mount_Type,Mouser
"C1, C2",2,100N,C_Rect_L13.0mm_W6.0mm_P10.00mm_FKS3_FKP3_MKS4,,,,tht, 505-MKP1D031003G00JS 
"D1, D3",2,652-CD-DF408SL,Diode_Bridge_Bourns_CD-DF4xxS,,,,smt,652-CD-DF408SL
D2,1,YELLOW,LED_0603_1608Metric_Pad1.05x0.95mm_HandSolder,,,,smt,
D4,1,BLUE,LED_0603_1608Metric_Pad1.05x0.95mm_HandSolder,,,,smt,
"H1, H2, H3, H4",4,MountingHole,MountingHole_3.2mm_M3_Pad_TopOnly,,,,tht,
J1,1,Conn_01x03_Male,JST_VH_B3P-VH_1x03_P3.96mm_Vertical,,,,tht,
"J2, J3",2,Conn_01x02_Male,JST_VH_B2P-VH-B_1x02_P3.96mm_Vertical,,,,tht,
"R1, R3",2,16K,R_0603_1608Metric_Pad0.98x0.95mm_HandSolder,,,,smt,
"R2, R4",2,10R 2W,R_2512_6332Metric,,,,smt,603-SR2512JK-7W10RL
