﻿Designator,Quantity,Value,Footprint,Package,MPN,DNP,Mount_Type,Mouser,Description,LCSC Part
"C1, C2, C3, C4, C5, C6",6,220u 10V,CP_Radial_D6.3mm_P2.50mm,,,,tht,,,
C10,1,10V 470u,CP_Radial_D8.0mm_P3.50mm,,,,tht,,,
"C11, C12, C13, C14",4,10U,C_1206_3216Metric_Pad1.33x1.80mm_HandSolder,,,,smt,,,
"C15, C27, C9",3,47U,C_1206_3216Metric_Pad1.33x1.80mm_HandSolder,,,,smt,,,
"C16, C25, C8",3,10u,C_1206_3216Metric_Pad1.33x1.80mm_HandSolder,,,,smt,,,
"C17, C20, C7",3,0.1U,C_0603_1608Metric_Pad1.08x0.95mm_HandSolder,,,,smt,,,
"C18, C19",2,100u 50V,CP_Radial_D8.0mm_P3.50mm,,,,tht,,,
C21,1,25V 220u,CP_Radial_D8.0mm_P3.50mm,,,,tht,,,
"C22, C29, C30",3,10U 50V,C_1206_3216Metric_Pad1.33x1.80mm_HandSolder,,,,smt,,,
"C23, C24",2,0.1u,C_0805_2012Metric_Pad1.18x1.45mm_HandSolder,,,,smt,,,
C26,1,0.22u,C_0805_2012Metric_Pad1.18x1.45mm_HandSolder,,,,smt,,,
C28,1,10n,C_0805_2012Metric_Pad1.18x1.45mm_HandSolder,,,,smt,,,
D1,1,YELLOW,LED_0603_1608Metric,,,,smt,,,
"D2, D7",2,BLUE,LED_0603_1608Metric,,,,smt,,,
"D3, D4",2,YELLOW,LED_0805_2012Metric_Pad1.15x1.40mm_HandSolder,,,,smt,,,
"D5, D6",2,BLUE,LED_0805_2012Metric_Pad1.15x1.40mm_HandSolder,,,,smt,,,
"H1, H2, H3, H4",4,MountingHole,MountingHole_3.2mm_M3_DIN965_Pad_TopOnly,,,,tht,,,
"J1, J12, J13, J16, J17, J2, J23, J25, J28, J29, J7, J8",12,Conn_01x02_Pin,JST_PH_B2B-PH-K_1x02_P2.00mm_Vertical,,,,tht,,,
"J10, J11, J14, J15, J19, J20, J21, J22, J3, J4, J5, J6",12,Conn_01x03_Male,JST_PH_B3B-PH-K_1x03_P2.00mm_Vertical,,,,tht,,,
J18,1,Conn_01x02_Male,JST_PH_B2B-PH-K_1x02_P2.00mm_Vertical,,,,tht,,,
"J24, J26",2,Conn_01x02_Pin,PinHeader_1x02_P2.54mm_Vertical,,,,tht,,,
J27,1,Conn_01x03_Male,JST_VH_B3P-VH_1x03_P3.96mm_Vertical,,,,tht,,,
J9,1,Conn_01x03_Pin,PinHeader_1x03_P2.54mm_Vertical,,,,tht,,,
L1,1,10uH 21mOhm 5A,L_Vishay_IHLP-4040,,,,smt,704-DR1040-7R0-R,,
"R1, R2",2,120R,R_0603_1608Metric_Pad0.98x0.95mm_HandSolder,,,,smt,,,
"R10, R14, R3, R4, R7, R8, R9",7,3.3K,R_0603_1608Metric_Pad0.98x0.95mm_HandSolder,,,,smt,,,
R11,1,22.1K,R_0603_1608Metric_Pad0.98x0.95mm_HandSolder,,,,smt,603-RC0603JR-07820KP,,
R12,1,86.6k,R_0603_1608Metric_Pad0.98x0.95mm_HandSolder,,,,smt,71-CRCW0603-86.6K-E3,,
R13,1,170K,R_0603_1608Metric_Pad0.98x0.95mm_HandSolder,,,,smt,,,
"R5, R6",2,800R,R_0603_1608Metric_Pad0.98x0.95mm_HandSolder,,,,smt,,,
"U1, U2",2,AMS1117-5.0,SOT-223-3_TabPin2,,,,smt,926-LM1117MPX5.0NOPB,,
"U10, U7, U8, U9",4,INA260,TSSOP-16_4.4x5mm_P0.65mm,,,,smt,,,
U11,1,TMP100,SOT-23-6,,,,smt, 595-TMP100NA/3K ,"Temperature Sensor with I2C/SMBus Interface, SOT-23-6",
U12,1,NCP1117-12,SOT-223,,,,smt,863-NCP1117ST12T3G,"1A Low drop-out regulator, Fixed Output 12V, SOT-223",
U13,1,AP64351SP-13,SOIC-8_L4.9-W3.9-P1.27-LS6.0-BL-EP,,,,smt,,,C3192339
"U3, U4",2,ZLDO1117QG33TA,SOT-223-3_TabPin2,,,,smt,ZLDO1117QG33TA,,
U5,1,LM317_SOT-223,SOT-223-3_TabPin2,,,,smt,595-LM317DCY,,
U6,1,LM337_SOT223,SOT-223-3_TabPin2,,,,smt,926-LM337IMPX/NOPB,,
