﻿pos_x,pos_y,rotation,side,designator,mpn,pack,footprint,value,mount_type
116.9,-109.2,-90.0,top,C1,,,CP_Radial_D6.3mm_P2.50mm,220u 10V,tht
130.6,-93.6883,180.0,top,C10,,,CP_Radial_D8.0mm_P3.50mm,10V 470u,tht
135.36,-46.1083,90.0,top,C11,,,C_1206_3216Metric_Pad1.33x1.80mm_HandSolder,10U,smt
135.36,-55.0791,-90.0,top,C12,,,C_1206_3216Metric_Pad1.33x1.80mm_HandSolder,10U,smt
135.5,-73.8083,90.0,top,C13,,,C_1206_3216Metric_Pad1.33x1.80mm_HandSolder,10U,smt
135.5,-82.7791,-90.0,top,C14,,,C_1206_3216Metric_Pad1.33x1.80mm_HandSolder,10U,smt
140.2625,-121.2742,-90.0,top,C15,,,C_1206_3216Metric_Pad1.33x1.80mm_HandSolder,47U,smt
140.2625,-126.6742,-90.0,top,C16,,,C_1206_3216Metric_Pad1.33x1.80mm_HandSolder,10u,smt
140.4,-115.9,-90.0,top,C17,,,C_0603_1608Metric_Pad1.08x0.95mm_HandSolder,0.1U,smt
145.1,-83.0,0.0,top,C18,,,CP_Radial_D8.0mm_P3.50mm,100u 50V,tht
145.1,-92.0,0.0,top,C19,,,CP_Radial_D8.0mm_P3.50mm,100u 50V,tht
117.5,-44.900867,-90.0,top,C2,,,CP_Radial_D6.3mm_P2.50mm,220u 10V,tht
147.0,-64.0,-90.0,top,C20,,,C_0603_1608Metric_Pad1.08x0.95mm_HandSolder,0.1U,smt
147.8,-48.8,90.0,top,C21,,,CP_Radial_D8.0mm_P3.50mm,25V 220u,tht
149.6,-117.6,90.0,top,C22,,,C_1206_3216Metric_Pad1.33x1.80mm_HandSolder,10U 50V,smt
149.7,-122.8,90.0,top,C23,,,C_0805_2012Metric_Pad1.18x1.45mm_HandSolder,0.1u,smt
150.7,-108.4,90.0,top,C24,,,C_0805_2012Metric_Pad1.18x1.45mm_HandSolder,0.1u,smt
153.4675,-58.8775,0.0,top,C25,,,C_1206_3216Metric_Pad1.33x1.80mm_HandSolder,10u,smt
154.3,-98.3,0.0,top,C26,,,C_0805_2012Metric_Pad1.18x1.45mm_HandSolder,0.22u,smt
158.9475,-58.8775,0.0,top,C27,,,C_1206_3216Metric_Pad1.33x1.80mm_HandSolder,47U,smt
159.0,-98.3,0.0,top,C28,,,C_0805_2012Metric_Pad1.18x1.45mm_HandSolder,10n,smt
162.6,-102.8,90.0,top,C29,,,C_1206_3216Metric_Pad1.33x1.80mm_HandSolder,10U 50V,smt
117.5,-52.3,-90.0,top,C3,,,CP_Radial_D6.3mm_P2.50mm,220u 10V,tht
162.7,-97.5,90.0,top,C30,,,C_1206_3216Metric_Pad1.33x1.80mm_HandSolder,10U 50V,smt
117.5,-59.699133,-90.0,top,C4,,,CP_Radial_D6.3mm_P2.50mm,220u 10V,tht
117.5,-67.098267,-90.0,top,C5,,,CP_Radial_D6.3mm_P2.50mm,220u 10V,tht
124.9815,-109.26,-90.0,top,C6,,,CP_Radial_D6.3mm_P2.50mm,220u 10V,tht
127.0425,-121.8042,-90.0,top,C7,,,C_0603_1608Metric_Pad1.08x0.95mm_HandSolder,0.1U,smt
127.4625,-116.9042,90.0,top,C8,,,C_1206_3216Metric_Pad1.33x1.80mm_HandSolder,10u,smt
127.4625,-126.6742,-90.0,top,C9,,,C_1206_3216Metric_Pad1.33x1.80mm_HandSolder,47U,smt
122.0,-101.4,180.0,top,D1,,,LED_0603_1608Metric,YELLOW,smt
122.0,-103.1,180.0,top,D2,,,LED_0603_1608Metric,BLUE,smt
130.325,-65.1,180.0,top,D3,,,LED_0805_2012Metric_Pad1.15x1.40mm_HandSolder,YELLOW,smt
130.3825,-62.93,180.0,top,D4,,,LED_0805_2012Metric_Pad1.15x1.40mm_HandSolder,YELLOW,smt
131.0325,-37.4,180.0,top,D5,,,LED_0805_2012Metric_Pad1.15x1.40mm_HandSolder,BLUE,smt
131.0325,-39.6,180.0,top,D6,,,LED_0805_2012Metric_Pad1.15x1.40mm_HandSolder,BLUE,smt
156.825,-72.2,180.0,top,D7,,,LED_0603_1608Metric,BLUE,smt
102.2,-46.8,90.0,top,J1,,,JST_PH_B2B-PH-K_1x02_P2.00mm_Vertical,Conn_01x02_Pin,tht
108.1,-107.0,90.0,top,J10,,,JST_PH_B3B-PH-K_1x03_P2.00mm_Vertical,Conn_01x03_Male,tht
108.1,-116.6,90.0,top,J11,,,JST_PH_B3B-PH-K_1x03_P2.00mm_Vertical,Conn_01x03_Male,tht
108.2125,-46.8,90.0,top,J12,,,JST_PH_B2B-PH-K_1x02_P2.00mm_Vertical,Conn_01x02_Pin,tht
108.2125,-53.8,90.0,top,J13,,,JST_PH_B2B-PH-K_1x02_P2.00mm_Vertical,Conn_01x02_Pin,tht
108.15,-86.1,90.0,top,J14,,,JST_PH_B3B-PH-K_1x03_P2.00mm_Vertical,Conn_01x03_Male,tht
108.15,-95.2,90.0,top,J15,,,JST_PH_B3B-PH-K_1x03_P2.00mm_Vertical,Conn_01x03_Male,tht
108.3125,-62.2,90.0,top,J16,,,JST_PH_B2B-PH-K_1x02_P2.00mm_Vertical,Conn_01x02_Pin,tht
108.3125,-69.2,90.0,top,J17,,,JST_PH_B2B-PH-K_1x02_P2.00mm_Vertical,Conn_01x02_Pin,tht
109.8,-36.8,0.0,top,J18,,,JST_PH_B2B-PH-K_1x02_P2.00mm_Vertical,Conn_01x02_Male,tht
114.05,-86.1,90.0,top,J19,,,JST_PH_B3B-PH-K_1x03_P2.00mm_Vertical,Conn_01x03_Male,tht
102.2,-53.8,90.0,top,J2,,,JST_PH_B2B-PH-K_1x02_P2.00mm_Vertical,Conn_01x02_Pin,tht
114.05,-95.2,90.0,top,J20,,,JST_PH_B3B-PH-K_1x03_P2.00mm_Vertical,Conn_01x03_Male,tht
119.95,-86.1,90.0,top,J21,,,JST_PH_B3B-PH-K_1x03_P2.00mm_Vertical,Conn_01x03_Male,tht
119.95,-95.2,90.0,top,J22,,,JST_PH_B3B-PH-K_1x03_P2.00mm_Vertical,Conn_01x03_Male,tht
146.1,-36.75,0.0,top,J23,,,JST_PH_B2B-PH-K_1x02_P2.00mm_Vertical,Conn_01x02_Pin,tht
149.425,-76.5,90.0,top,J24,,,PinHeader_1x02_P2.54mm_Vertical,Conn_01x02_Pin,tht
153.3,-36.75,0.0,top,J25,,,JST_PH_B2B-PH-K_1x02_P2.00mm_Vertical,Conn_01x02_Pin,tht
156.6,-76.6,90.0,top,J26,,,PinHeader_1x02_P2.54mm_Vertical,Conn_01x02_Pin,tht
160.7,-83.9,-90.0,top,J27,,,JST_VH_B3P-VH_1x03_P3.96mm_Vertical,Conn_01x03_Male,tht
161.7,-52.2,90.0,top,J28,,,JST_PH_B2B-PH-K_1x02_P2.00mm_Vertical,Conn_01x02_Pin,tht
161.7,-44.8,90.0,top,J29,,,JST_PH_B2B-PH-K_1x02_P2.00mm_Vertical,Conn_01x02_Pin,tht
102.25,-86.1,90.0,top,J3,,,JST_PH_B3B-PH-K_1x03_P2.00mm_Vertical,Conn_01x03_Male,tht
102.25,-95.2,90.0,top,J4,,,JST_PH_B3B-PH-K_1x03_P2.00mm_Vertical,Conn_01x03_Male,tht
102.2,-107.0,90.0,top,J5,,,JST_PH_B3B-PH-K_1x03_P2.00mm_Vertical,Conn_01x03_Male,tht
102.2,-116.65,90.0,top,J6,,,JST_PH_B3B-PH-K_1x03_P2.00mm_Vertical,Conn_01x03_Male,tht
102.3,-62.2,90.0,top,J7,,,JST_PH_B2B-PH-K_1x02_P2.00mm_Vertical,Conn_01x02_Pin,tht
102.3,-69.2,90.0,top,J8,,,JST_PH_B2B-PH-K_1x02_P2.00mm_Vertical,Conn_01x02_Pin,tht
102.87,-120.9,90.0,top,J9,,,PinHeader_1x03_P2.54mm_Vertical,Conn_01x03_Pin,tht
157.82,-114.36,-90.0,top,L1,,,L_Vishay_IHLP-4040,10uH 21mOhm 5A,smt
117.5875,-125.7,0.0,top,R1,,,R_0603_1608Metric_Pad0.98x0.95mm_HandSolder,120R,smt
127.375,-39.6,0.0,top,R10,,,R_0603_1608Metric_Pad0.98x0.95mm_HandSolder,3.3K,smt
150.7,-97.1,90.0,top,R11,,,R_0603_1608Metric_Pad0.98x0.95mm_HandSolder,22.1K,smt
150.7,-100.8,90.0,top,R12,,,R_0603_1608Metric_Pad0.98x0.95mm_HandSolder,86.6k,smt
150.7,-104.5,90.0,top,R13,,,R_0603_1608Metric_Pad0.98x0.95mm_HandSolder,170K,smt
153.0675,-72.285,0.0,top,R14,,,R_0603_1608Metric_Pad0.98x0.95mm_HandSolder,3.3K,smt
117.7,-122.7,0.0,top,R2,,,R_0603_1608Metric_Pad0.98x0.95mm_HandSolder,120R,smt
118.4223,-101.3835,0.0,top,R3,,,R_0603_1608Metric_Pad0.98x0.95mm_HandSolder,3.3K,smt
118.3875,-103.1,0.0,top,R4,,,R_0603_1608Metric_Pad0.98x0.95mm_HandSolder,3.3K,smt
121.2,-122.7,0.0,top,R5,,,R_0603_1608Metric_Pad0.98x0.95mm_HandSolder,800R,smt
121.1875,-125.7,0.0,top,R6,,,R_0603_1608Metric_Pad0.98x0.95mm_HandSolder,800R,smt
126.5825,-62.93,180.0,top,R7,,,R_0603_1608Metric_Pad0.98x0.95mm_HandSolder,3.3K,smt
126.6675,-65.025,0.0,top,R8,,,R_0603_1608Metric_Pad0.98x0.95mm_HandSolder,3.3K,smt
127.2875,-37.5,0.0,top,R9,,,R_0603_1608Metric_Pad0.98x0.95mm_HandSolder,3.3K,smt
128.61,-46.0,180.0,top,U1,,,SOT-223-3_TabPin2,AMS1117-5.0,smt
142.7,-70.1,0.0,top,U10,,,TSSOP-16_4.4x5mm_P0.65mm,INA260,smt
146.175,-122.45,180.0,top,U11,,,SOT-23-6,TMP100,smt
153.05,-64.9,0.0,top,U12,,,SOT-223,NCP1117-12,smt
156.9,-102.8,90.0,top,U13,,,SOIC-8_L4.9-W3.9-P1.27-LS6.0-BL-EP,AP64351SP-13,smt
128.61,-54.9708,180.0,top,U2,,,SOT-223-3_TabPin2,AMS1117-5.0,smt
128.75,-73.7,180.0,top,U3,,,SOT-223-3_TabPin2,ZLDO1117QG33TA,smt
128.75,-82.6708,180.0,top,U4,,,SOT-223-3_TabPin2,ZLDO1117QG33TA,smt
133.8125,-118.0042,0.0,top,U5,,,SOT-223-3_TabPin2,LM317_SOT-223,smt
133.8125,-125.5542,0.0,top,U6,,,SOT-223-3_TabPin2,LM337_SOT223,smt
138.7,-101.2,0.0,top,U7,,,TSSOP-16_4.4x5mm_P0.65mm,INA260,smt
138.7375,-108.675,0.0,top,U8,,,TSSOP-16_4.4x5mm_P0.65mm,INA260,smt
142.6875,-54.8,0.0,top,U9,,,TSSOP-16_4.4x5mm_P0.65mm,INA260,smt
