﻿Designator,Quantity,Value,Footprint,Package,MPN,DNP,Mount_Type,Description
C1,1,0.1u,C_0805_2012Metric_Pad1.18x1.45mm_HandSolder,,,,smt,
C2,1,10U,C_1206_3216Metric_Pad1.33x1.80mm_HandSolder,,,,smt,
C3,1,470u 10V,CP_Radial_D6.3mm_P2.50mm,,,,tht,"Polarized capacitor, small symbol"
D1,1,BLUE,LED_0603_1608Metric,,,,smt,Light emitting diode
"H1, H2, H3, H4",4,MountingHole,MountingHole_3.2mm_M3_DIN965_Pad_TopOnly,,,,tht,
"J1, J10, J5, J6",4,Conn_01x02_Male,JST_PH_B2B-PH-K_1x02_P2.00mm_Vertical,,,,tht,
J11,1,Conn_01x02_Pin,JST_PH_B2B-PH-K_1x02_P2.00mm_Vertical,,,,tht,
J12,1,Conn_01x03_Pin,JST_PH_B3B-PH-K_1x03_P2.00mm_Vertical,,,,tht,"Generic connector, single row, 01x03, script generated"
"J2, J8",2,Conn_01x05_Pin,JST_PH_B5B-PH-K_1x05_P2.00mm_Vertical,,,,tht,"Generic connector, single row, 01x05, script generated"
"J3, J7",2,Conn_01x04_Pin,JST_PH_B4B-PH-K_1x04_P2.00mm_Vertical,,,,tht,"Generic connector, single row, 01x04, script generated"
J4,1,Conn_01x06_Pin,JST_PH_B6B-PH-K_1x06_P2.00mm_Vertical,,,,tht,"Generic connector, single row, 01x06, script generated"
J9,1,Conn_01x02_Pin,PinHeader_1x02_P2.54mm_Vertical,,,,tht,"Generic connector, single row, 01x02, script generated"
"R1, R2, R3",3,4.7K,R_0603_1608Metric_Pad0.98x0.95mm_HandSolder,,,,smt,
R4,1,150R,R_0603_1608Metric,,,,smt,
U1,1,MCP23017_SS,SSOP-28_5.3x10.2mm_P0.65mm,,,,smt,
