﻿pos_x,pos_y,rotation,side,designator,mpn,pack,footprint,value,mount_type
130.575,-100.3,180.0,top,C1,,,C_0805_2012Metric_Pad1.18x1.45mm_HandSolder,0.1u,smt
131.175,-102.8,180.0,top,C2,,,C_1206_3216Metric_Pad1.33x1.80mm_HandSolder,10U,smt
160.5824,-76.2,180.0,top,C3,,,CP_Radial_D6.3mm_P2.50mm,470u 10V,tht
168.1,-98.5125,-90.0,top,D1,,,LED_0603_1608Metric,BLUE,smt
89.3,-85.0,-90.0,top,J1,,,JST_PH_B2B-PH-K_1x02_P2.00mm_Vertical,Conn_01x02_Male,tht
168.4,-80.2,-90.0,top,J10,,,JST_PH_B2B-PH-K_1x02_P2.00mm_Vertical,Conn_01x02_Male,tht
168.4,-106.8,-90.0,top,J11,,,JST_PH_B2B-PH-K_1x02_P2.00mm_Vertical,Conn_01x02_Pin,tht
89.3,-73.5,-90.0,top,J12,,,JST_PH_B3B-PH-K_1x03_P2.00mm_Vertical,Conn_01x03_Pin,tht
89.3,-94.5,-90.0,top,J2,,,JST_PH_B5B-PH-K_1x05_P2.00mm_Vertical,Conn_01x05_Pin,tht
100.9,-67.1,180.0,top,J3,,,JST_PH_B4B-PH-K_1x04_P2.00mm_Vertical,Conn_01x04_Pin,tht
117.24,-67.1,180.0,top,J4,,,JST_PH_B6B-PH-K_1x06_P2.00mm_Vertical,Conn_01x06_Pin,tht
125.58,-67.1,180.0,top,J5,,,JST_PH_B2B-PH-K_1x02_P2.00mm_Vertical,Conn_01x02_Male,tht
133.92,-67.1,180.0,top,J6,,,JST_PH_B2B-PH-K_1x02_P2.00mm_Vertical,Conn_01x02_Male,tht
146.26,-67.1,180.0,top,J7,,,JST_PH_B4B-PH-K_1x04_P2.00mm_Vertical,Conn_01x04_Pin,tht
160.6,-67.1,180.0,top,J8,,,JST_PH_B5B-PH-K_1x05_P2.00mm_Vertical,Conn_01x05_Pin,tht
166.0,-88.3125,0.0,top,J9,,,PinHeader_1x02_P2.54mm_Vertical,Conn_01x02_Pin,tht
89.6,-106.2,180.0,top,R1,,,R_0603_1608Metric_Pad0.98x0.95mm_HandSolder,4.7K,smt
127.15,-82.9,-90.0,top,R2,,,R_0603_1608Metric_Pad0.98x0.95mm_HandSolder,4.7K,smt
162.9,-88.2125,-90.0,top,R3,,,R_0603_1608Metric_Pad0.98x0.95mm_HandSolder,4.7K,smt
168.1,-101.775,-90.0,top,R4,,,R_0603_1608Metric,150R,smt
127.375,-92.4,90.0,top,U1,,,SSOP-28_5.3x10.2mm_P0.65mm,MCP23017_SS,smt
