﻿Designator,Quantity,Value,Footprint,Package,MPN,DNP,Mount_Type,LCSC,Description,Mouser,LCSC Part
"C1, C2",2,10N,C_0805_2012Metric_Pad1.18x1.45mm_HandSolder,,,,smt,,,,
"C10, C3, C9",3,0.1U,C_0805_2012Metric_Pad1.18x1.45mm_HandSolder,,,,smt,,,,
C11,1,100n,C_0805_2012Metric_Pad1.18x1.45mm_HandSolder,,,,smt,,,,
"C12, C13",2,10V 220u,CP_Radial_D6.3mm_P2.50mm,,,,tht,,,,
C4,1,10U,C_1206_3216Metric_Pad1.33x1.80mm_HandSolder,,,,smt,,,,
"C5, C6, C7, C8",4,10N,C_0603_1608Metric_Pad1.08x0.95mm_HandSolder,,,,smt,,,,
D1,1,RED,LED_0603_1608Metric,,,,smt,XL-1608UBC-04,,,
D2,1,BLUE,LED_0603_1608Metric,,,,smt,NCD0603R1,,,
"H1, H2, H3, H4",4,MountingHole,MountingHole_3.2mm_M3_DIN965_Pad_TopOnly,,,,tht,,,,
"J1, J20",2,Conn_01x03_Pin,JST_PH_B3B-PH-K_1x03_P2.00mm_Vertical,,,,tht,,"Generic connector, single row, 01x03, script generated",,
"J10, J6",2,Conn_01x02_Male,PinHeader_1x02_P2.54mm_Vertical,,,,tht,,,,
"J11, J14, J15, J16, J18, J2, J3, J4, J5",9,Conn_01x02_Male,JST_PH_B2B-PH-K_1x02_P2.00mm_Vertical,,,,tht,,,,
"J12, J7, J8",3,Conn_01x05_Pin,JST_PH_B5B-PH-K_1x05_P2.00mm_Vertical,,,,tht,,,,
"J13, J17, J19, J9",4,Conn_01x04_Pin,JST_PH_B4B-PH-K_1x04_P2.00mm_Vertical,,,,tht,,"Generic connector, single row, 01x04, script generated",,
"Q1, Q2",2,BC817,TSOT-23,,,,smt,,,637-BC817K-40 ,
"R1, R4, R6, R8",4,50K,R_0603_1608Metric_Pad0.98x0.95mm_HandSolder,,,,smt,,,,
"R10, R12, R14, R15, R16, R2, R22, R24, R7",9,4.7K,R_0603_1608Metric_Pad0.98x0.95mm_HandSolder,,,,smt,,,,
R11,1,75R,R_0603_1608Metric_Pad0.98x0.95mm_HandSolder,,,,smt,,,,
"R13, R9",2,1K,R_0603_1608Metric_Pad0.98x0.95mm_HandSolder,,,,smt,,,,
"R17, R18, R19, R20",4,22R,R_0603_1608Metric,,,,smt,,"Resistor, small symbol",603-RT0805FRE0722RL,
R21,1,1000R,R_0603_1608Metric_Pad0.98x0.95mm_HandSolder,,,,smt,,,,
"R23, R3",2,150R,R_0603_1608Metric_Pad0.98x0.95mm_HandSolder,,,,smt,,,,
R5,1,700R,R_0603_1608Metric_Pad0.98x0.95mm_HandSolder,,,,smt,,,,
SD1,1,TF-115-BCP9,TF-SMD_TF-115-BCP9,,,,smt,,,,C720505
U1,1,ESP32-S3-WROOM-1,ESP32-S3-WROOM-1,,,,smt,,"2.4 GHz WiFi (802.11 b/g/n) and Bluetooth ® 5 (LE) module Built around ESP32S3 series of SoCs, Xtensa ® dualcore 32bit LX7 microprocessor Flash up to 16 MB, PSRAM up to 8 MB 36 GPIOs, rich set of peripherals Onboard PCB antenna",,
U2,1,TCA9517DR,SOIC-8_3.9x4.9mm_P1.27mm,,,,smt,,,595-TCA9517DR,
U3,1,TMP100,SOT-23-6,,,,smt,,,,
