﻿pos_x,pos_y,rotation,side,designator,mpn,pack,footprint,value,mount_type
108.5375,-99.4,180.0,top,C1,,,C_0805_2012Metric_Pad1.18x1.45mm_HandSolder,10N,smt
150.9375,-95.5,180.0,top,C10,,,C_0805_2012Metric_Pad1.18x1.45mm_HandSolder,0.1U,smt
160.225,-77.6,180.0,top,C11,,,C_0805_2012Metric_Pad1.18x1.45mm_HandSolder,100n,smt
161.7176,-102.8,0.0,top,C12,,,CP_Radial_D6.3mm_P2.50mm,10V 220u,tht
161.7,-110.1,0.0,top,C13,,,CP_Radial_D6.3mm_P2.50mm,10V 220u,tht
110.9,-74.0375,90.0,top,C2,,,C_0805_2012Metric_Pad1.18x1.45mm_HandSolder,10N,smt
113.3,-74.6,-90.0,top,C3,,,C_0805_2012Metric_Pad1.18x1.45mm_HandSolder,0.1U,smt
117.5,-70.7,180.0,top,C4,,,C_1206_3216Metric_Pad1.33x1.80mm_HandSolder,10U,smt
118.4705,-107.5,-90.0,top,C5,,,C_0603_1608Metric_Pad1.08x0.95mm_HandSolder,10N,smt
120.6,-107.5,-90.0,top,C6,,,C_0603_1608Metric_Pad1.08x0.95mm_HandSolder,10N,smt
145.0,-107.5,-90.0,top,C7,,,C_0603_1608Metric_Pad1.08x0.95mm_HandSolder,10N,smt
147.1,-107.5,-90.0,top,C8,,,C_0603_1608Metric_Pad1.08x0.95mm_HandSolder,10N,smt
150.9375,-87.735,180.0,top,C9,,,C_0805_2012Metric_Pad1.18x1.45mm_HandSolder,0.1U,smt
153.33,-104.8125,90.0,top,D1,,,LED_0603_1608Metric,RED,smt
155.3,-104.8125,90.0,top,D2,,,LED_0603_1608Metric,BLUE,smt
92.3,-72.0,-90.0,top,J1,,,JST_PH_B3B-PH-K_1x03_P2.00mm_Vertical,Conn_01x03_Pin,tht
135.9,-90.8,90.0,top,J10,,,PinHeader_1x02_P2.54mm_Vertical,Conn_01x02_Male,tht
138.9667,-114.65,0.0,top,J11,,,JST_PH_B2B-PH-K_1x02_P2.00mm_Vertical,Conn_01x02_Male,tht
146.2,-114.65,0.0,top,J12,,,JST_PH_B5B-PH-K_1x05_P2.00mm_Vertical,Conn_01x05_Pin,tht
150.8,-66.35,180.0,top,J13,,,JST_PH_B4B-PH-K_1x04_P2.00mm_Vertical,Conn_01x04_Pin,tht
158.2,-66.35,180.0,top,J14,,,JST_PH_B2B-PH-K_1x02_P2.00mm_Vertical,Conn_01x02_Male,tht
162.95,-86.1333,90.0,top,J15,,,JST_PH_B2B-PH-K_1x02_P2.00mm_Vertical,Conn_01x02_Male,tht
165.6,-66.35,180.0,top,J16,,,JST_PH_B2B-PH-K_1x02_P2.00mm_Vertical,Conn_01x02_Male,tht
170.4,-77.25,90.0,top,J17,,,JST_PH_B4B-PH-K_1x04_P2.00mm_Vertical,Conn_01x04_Pin,tht
170.4,-86.1333,90.0,top,J18,,,JST_PH_B2B-PH-K_1x02_P2.00mm_Vertical,Conn_01x02_Male,tht
170.4,-99.0167,90.0,top,J19,,,JST_PH_B4B-PH-K_1x04_P2.00mm_Vertical,Conn_01x04_Pin,tht
92.3,-81.9667,-90.0,top,J2,,,JST_PH_B2B-PH-K_1x02_P2.00mm_Vertical,Conn_01x02_Male,tht
170.4,-109.9,90.0,top,J20,,,JST_PH_B3B-PH-K_1x03_P2.00mm_Vertical,Conn_01x03_Pin,tht
92.3,-89.9333,-90.0,top,J3,,,JST_PH_B2B-PH-K_1x02_P2.00mm_Vertical,Conn_01x02_Male,tht
92.3,-97.9,-90.0,top,J4,,,JST_PH_B2B-PH-K_1x02_P2.00mm_Vertical,Conn_01x02_Male,tht
100.0,-66.3,180.0,top,J5,,,JST_PH_B2B-PH-K_1x02_P2.00mm_Vertical,Conn_01x02_Male,tht
105.675,-73.4,-90.0,top,J6,,,PinHeader_1x02_P2.54mm_Vertical,Conn_01x02_Male,tht
114.3,-66.3,180.0,top,J7,,,JST_PH_B5B-PH-K_1x05_P2.00mm_Vertical,Conn_01x05_Pin,tht
114.5,-114.65,0.0,top,J8,,,JST_PH_B5B-PH-K_1x05_P2.00mm_Vertical,Conn_01x05_Pin,tht
127.7333,-114.65,0.0,top,J9,,,JST_PH_B4B-PH-K_1x04_P2.00mm_Vertical,Conn_01x04_Pin,tht
103.51,-83.6,180.0,top,Q1,,,TSOT-23,BC817,smt
133.79,-107.2475,180.0,top,Q2,,,TSOT-23,BC817,smt
97.8,-98.8,90.0,top,R1,,,R_0603_1608Metric_Pad0.98x0.95mm_HandSolder,50K,smt
117.45,-72.9,0.0,top,R10,,,R_0603_1608Metric_Pad0.98x0.95mm_HandSolder,4.7K,smt
129.5,-107.5125,90.0,top,R11,,,R_0603_1608Metric_Pad0.98x0.95mm_HandSolder,75R,smt
136.2,-104.2625,180.0,top,R12,,,R_0603_1608Metric_Pad0.98x0.95mm_HandSolder,4.7K,smt
137.3,-107.5125,-90.0,top,R13,,,R_0603_1608Metric_Pad0.98x0.95mm_HandSolder,1K,smt
141.4,-90.8476,90.0,top,R14,,,R_0603_1608Metric_Pad0.98x0.95mm_HandSolder,4.7K,smt
149.7125,-79.3,180.0,top,R15,,,R_0603_1608Metric_Pad0.98x0.95mm_HandSolder,4.7K,smt
149.7125,-81.2,180.0,top,R16,,,R_0603_1608Metric_Pad0.98x0.95mm_HandSolder,4.7K,smt
145.2,-72.475,90.0,top,R17,,,R_0603_1608Metric,22R,smt
147.2,-72.475,90.0,top,R18,,,R_0603_1608Metric,22R,smt
149.2,-72.475,90.0,top,R19,,,R_0603_1608Metric,22R,smt
98.7,-71.8,90.0,top,R2,,,R_0603_1608Metric_Pad0.98x0.95mm_HandSolder,4.7K,smt
151.2,-72.475,90.0,top,R20,,,R_0603_1608Metric,22R,smt
153.37,-108.2475,90.0,top,R21,,,R_0603_1608Metric_Pad0.98x0.95mm_HandSolder,1000R,smt
154.9,-86.5125,-90.0,top,R22,,,R_0603_1608Metric_Pad0.98x0.95mm_HandSolder,4.7K,smt
155.26,-108.2475,90.0,top,R23,,,R_0603_1608Metric_Pad0.98x0.95mm_HandSolder,150R,smt
156.7,-86.5125,-90.0,top,R24,,,R_0603_1608Metric_Pad0.98x0.95mm_HandSolder,4.7K,smt
100.0,-90.5,-90.0,top,R3,,,R_0603_1608Metric_Pad0.98x0.95mm_HandSolder,150R,smt
100.1333,-98.8,-90.0,top,R4,,,R_0603_1608Metric_Pad0.98x0.95mm_HandSolder,50K,smt
100.31,-83.6,-90.0,top,R5,,,R_0603_1608Metric_Pad0.98x0.95mm_HandSolder,700R,smt
102.4667,-98.7,-90.0,top,R6,,,R_0603_1608Metric_Pad0.98x0.95mm_HandSolder,50K,smt
103.4,-77.8,0.0,top,R7,,,R_0603_1608Metric_Pad0.98x0.95mm_HandSolder,4.7K,smt
104.8,-98.7,-90.0,top,R8,,,R_0603_1608Metric_Pad0.98x0.95mm_HandSolder,50K,smt
106.81,-83.6125,-90.0,top,R9,,,R_0603_1608Metric_Pad0.98x0.95mm_HandSolder,1K,smt
103.05,-108.1,0.0,top,SD1,,,TF-SMD_TF-115-BCP9,TF-115-BCP9,smt
131.495,-73.0,0.0,top,U1,,,ESP32-S3-WROOM-1,ESP32-S3-WROOM-1,smt
149.1375,-91.6,0.0,top,U2,,,SOIC-8_3.9x4.9mm_P1.27mm,TCA9517DR,smt
160.1375,-74.4,0.0,top,U3,,,SOT-23-6,TMP100,smt
