﻿Designator,Quantity,Value,Footprint,Package,MPN,DNP,Mount_Type,Description,Mouser
"C1, C2, C3, C4",4,2200u 50V,CP_Radial_D16.0mm_P7.50mm,,,,tht,"Polarized capacitor, small symbol", 80-ESH228M050AM3AA 
C5,1,0.1u,C_0805_2012Metric_Pad1.18x1.45mm_HandSolder,,,,smt,"Unpolarized capacitor, small symbol",
C6,1,10u,C_1206_3216Metric_Pad1.33x1.80mm_HandSolder,,,,smt,"Unpolarized capacitor, small symbol",
D1,1,BLUE,LED_0603_1608Metric_Pad1.05x0.95mm_HandSolder,,,,smt,Light emitting diode,
D2,1,RED,LED_0603_1608Metric_Pad1.05x0.95mm_HandSolder,,,,smt,Light emitting diode,
"H1, H2, H3, H4",4,MountingHole,MountingHole_3.2mm_M3_DIN965_Pad_TopOnly,,,,tht,,
"J1, J3",2,Conn_01x03_Pin,JST_PH_B3B-PH-K_1x03_P2.00mm_Vertical,,,,tht,"Generic connector, single row, 01x03, script generated",
"J10, J11, J8, J9",4,Conn_01x02_Pin,JST_PH_B2B-PH-K_1x02_P2.00mm_Vertical,,,,tht,"Generic connector, single row, 01x02, script generated",
"J2, J6, J7",3,Conn_01x03_Male,JST_VH_B3P-VH-B_1x03_P3.96mm_Vertical,,,,tht,,
J4,1,Conn_01x02_Pin,PinHeader_1x02_P2.54mm_Vertical,,,,tht,"Generic connector, single row, 01x02, script generated",
J5,1,Conn_01x04_Pin,JST_PH_B4B-PH-K_1x04_P2.00mm_Vertical,,,,tht,"Generic connector, single row, 01x04, script generated",
Q1,1,BC807,TSOT-23,,,,smt,"PNP transistor, base/emitter/collector",637-BC807-16
"Q2, Q3",2,BC817K-40,TSOT-23,,,,smt,,637-BC817K-40
"R1, R6",2,150R,R_0603_1608Metric_Pad0.98x0.95mm_HandSolder,,,,smt,,
R10,1,50K,R_0603_1608Metric_Pad0.98x0.95mm_HandSolder,,,,smt,,
"R11, R8",2,1K,R_0603_1608Metric_Pad0.98x0.95mm_HandSolder,,,,smt,,
R12,1,4.7k,R_0603_1608Metric_Pad0.98x0.95mm_HandSolder,,,,smt,,
R2,1,300R,R_0603_1608Metric_Pad0.98x0.95mm_HandSolder,,,,smt,,
"R3, R4",2,470m 3W,R_1218_3246Metric_Pad1.22x4.75mm_HandSolder,,,,smt,"Resistor, small symbol",RLW73PA3FR47TDF
R5,1,550R,R_0603_1608Metric_Pad0.98x0.95mm_HandSolder,,,,smt,,
R7,1,10k,R_0603_1608Metric_Pad0.98x0.95mm_HandSolder,,,,smt,,
R9,1,100K,R_0603_1608Metric_Pad0.98x0.95mm_HandSolder,,,,smt,,
U1,1,TMP100,SOT-23-6,,,,smt,"Temperature Sensor with I2C/SMBus Interface, SOT-23-6",
