﻿pos_x,pos_y,rotation,side,designator,mpn,pack,footprint,value,mount_type
98.4,-78.687246,-90.0,top,C1,,,CP_Radial_D16.0mm_P7.50mm,2200u 50V,tht
115.4,-78.687246,-90.0,top,C2,,,CP_Radial_D16.0mm_P7.50mm,2200u 50V,tht
98.4,-95.987246,-90.0,top,C3,,,CP_Radial_D16.0mm_P7.50mm,2200u 50V,tht
115.4,-95.987246,-90.0,top,C4,,,CP_Radial_D16.0mm_P7.50mm,2200u 50V,tht
173.9375,-103.0,180.0,top,C5,,,C_0805_2012Metric_Pad1.18x1.45mm_HandSolder,0.1u,smt
169.4,-106.5,90.0,top,C6,,,C_1206_3216Metric_Pad1.33x1.80mm_HandSolder,10u,smt
179.225,-81.0,180.0,top,D1,,,LED_0603_1608Metric_Pad1.05x0.95mm_HandSolder,BLUE,smt
179.2,-83.3,180.0,top,D2,,,LED_0603_1608Metric_Pad1.05x0.95mm_HandSolder,RED,smt
156.4,-76.9,180.0,top,J1,,,JST_PH_B3B-PH-K_1x03_P2.00mm_Vertical,Conn_01x03_Pin,tht
169.066666,-116.1,180.0,top,J10,,,JST_PH_B2B-PH-K_1x02_P2.00mm_Vertical,Conn_01x02_Pin,tht
176.4,-116.1,180.0,top,J11,,,JST_PH_B2B-PH-K_1x02_P2.00mm_Vertical,Conn_01x02_Pin,tht
127.8175,-77.64375,0.0,top,J2,,,JST_VH_B3P-VH-B_1x03_P3.96mm_Vertical,Conn_01x03_Male,tht
182.4,-97.7,90.0,top,J3,,,JST_PH_B3B-PH-K_1x03_P2.00mm_Vertical,Conn_01x03_Pin,tht
166.625,-101.6,90.0,top,J4,,,PinHeader_1x02_P2.54mm_Vertical,Conn_01x02_Pin,tht
182.4,-109.0,90.0,top,J5,,,JST_PH_B4B-PH-K_1x04_P2.00mm_Vertical,Conn_01x04_Pin,tht
108.6625,-112.95,0.0,top,J6,,,JST_VH_B3P-VH-B_1x03_P3.96mm_Vertical,Conn_01x03_Male,tht
94.98,-113.0,0.0,top,J7,,,JST_VH_B3P-VH-B_1x03_P3.96mm_Vertical,Conn_01x03_Male,tht
154.4,-116.1,180.0,top,J8,,,JST_PH_B2B-PH-K_1x02_P2.00mm_Vertical,Conn_01x02_Pin,tht
161.733333,-116.1,180.0,top,J9,,,JST_PH_B2B-PH-K_1x02_P2.00mm_Vertical,Conn_01x02_Pin,tht
166.8,-90.19,90.0,top,Q1,,,TSOT-23,BC807,smt
171.8,-90.19,90.0,top,Q2,,,TSOT-23,BC817K-40,smt
176.8,-90.19,90.0,top,Q3,,,TSOT-23,BC817K-40,smt
175.6375,-81.0,180.0,top,R1,,,R_0603_1608Metric_Pad0.98x0.95mm_HandSolder,150R,smt
174.9,-96.9125,90.0,top,R10,,,R_0603_1608Metric_Pad0.98x0.95mm_HandSolder,50K,smt
176.9,-96.9125,90.0,top,R11,,,R_0603_1608Metric_Pad0.98x0.95mm_HandSolder,1K,smt
177.7,-107.4,90.0,top,R12,,,R_0603_1608Metric_Pad0.98x0.95mm_HandSolder,4.7k,smt
175.6,-83.3,180.0,top,R2,,,R_0603_1608Metric_Pad0.98x0.95mm_HandSolder,300R,smt
127.8375,-87.5,180.0,top,R3,,,R_1218_3246Metric_Pad1.22x4.75mm_HandSolder,470m 3W,smt
135.8375,-87.5,180.0,top,R4,,,R_1218_3246Metric_Pad1.22x4.75mm_HandSolder,470m 3W,smt
181.6,-88.5875,90.0,top,R5,,,R_0603_1608Metric_Pad0.98x0.95mm_HandSolder,550R,smt
184.7,-88.5875,90.0,top,R6,,,R_0603_1608Metric_Pad0.98x0.95mm_HandSolder,150R,smt
168.9,-96.9125,90.0,top,R7,,,R_0603_1608Metric_Pad0.98x0.95mm_HandSolder,10k,smt
170.9,-96.9125,-90.0,top,R8,,,R_0603_1608Metric_Pad0.98x0.95mm_HandSolder,1K,smt
172.9,-96.9125,90.0,top,R9,,,R_0603_1608Metric_Pad0.98x0.95mm_HandSolder,100K,smt
173.9375,-107.0,90.0,top,U1,,,SOT-23-6,TMP100,smt
