﻿Designator,Quantity,Value,Footprint,Package,MPN,DNP,Mount_Type,Description,Mouser
"C1, C2, C3, C4, C5, C6",6,0.1u 100V,C_1206_3216Metric,,,,smt,"Unpolarized capacitor, small symbol", 791-1206B104K101CT 
"H1, H2, H3, H4",4,MountingHole,MountingHole_3.2mm_M3_DIN965_Pad_TopOnly,,,,tht,,
"J1, J10, J11, J12, J2, J3, J4, J5, J6, J7, J8, J9",12,Conn_01x03_Pin,JST_PH_B3B-PH-K_1x03_P2.00mm_Vertical,,,,tht,"Generic connector, single row, 01x03, script generated",
J13,1,Conn_01x02_Pin,JST_VH_B2P-VH-B_1x02_P3.96mm_Vertical,,,,tht,"Generic connector, single row, 01x02, script generated",
