﻿pos_x,pos_y,rotation,side,designator,mpn,pack,footprint,value,mount_type
96.9,-74.825,-90.0,top,C1,,,C_1206_3216Metric,0.1u 100V,smt
106.9,-74.825,-90.0,top,C2,,,C_1206_3216Metric,0.1u 100V,smt
116.9,-74.825,-90.0,top,C3,,,C_1206_3216Metric,0.1u 100V,smt
126.9,-74.825,-90.0,top,C4,,,C_1206_3216Metric,0.1u 100V,smt
136.4,-74.825,-90.0,top,C5,,,C_1206_3216Metric,0.1u 100V,smt
146.4,-74.825,-90.0,top,C6,,,C_1206_3216Metric,0.1u 100V,smt
95.0,-66.0,0.0,top,J1,,,JST_PH_B3B-PH-K_1x03_P2.00mm_Vertical,Conn_01x03_Pin,tht
125.0,-114.95,0.0,top,J10,,,JST_PH_B3B-PH-K_1x03_P2.00mm_Vertical,Conn_01x03_Pin,tht
135.0,-114.95,0.0,top,J11,,,JST_PH_B3B-PH-K_1x03_P2.00mm_Vertical,Conn_01x03_Pin,tht
145.0,-114.95,0.0,top,J12,,,JST_PH_B3B-PH-K_1x03_P2.00mm_Vertical,Conn_01x03_Pin,tht
165.5,-78.06,90.0,top,J13,,,JST_VH_B2P-VH-B_1x02_P3.96mm_Vertical,Conn_01x02_Pin,tht
125.0,-66.0,0.0,top,J2,,,JST_PH_B3B-PH-K_1x03_P2.00mm_Vertical,Conn_01x03_Pin,tht
105.0,-66.0,0.0,top,J3,,,JST_PH_B3B-PH-K_1x03_P2.00mm_Vertical,Conn_01x03_Pin,tht
135.0,-66.0,0.0,top,J4,,,JST_PH_B3B-PH-K_1x03_P2.00mm_Vertical,Conn_01x03_Pin,tht
115.0,-66.0,0.0,top,J5,,,JST_PH_B3B-PH-K_1x03_P2.00mm_Vertical,Conn_01x03_Pin,tht
145.0,-66.0,0.0,top,J6,,,JST_PH_B3B-PH-K_1x03_P2.00mm_Vertical,Conn_01x03_Pin,tht
95.0,-114.95,0.0,top,J7,,,JST_PH_B3B-PH-K_1x03_P2.00mm_Vertical,Conn_01x03_Pin,tht
105.0,-114.95,0.0,top,J8,,,JST_PH_B3B-PH-K_1x03_P2.00mm_Vertical,Conn_01x03_Pin,tht
115.0,-114.95,0.0,top,J9,,,JST_PH_B3B-PH-K_1x03_P2.00mm_Vertical,Conn_01x03_Pin,tht
