﻿Designator,Quantity,Value,Footprint,Package,MPN,DNP,Mount_Type,Description,Mouser,LCSC Part
"C1, C11, C12, C19, C22, C23, C29, C33, C34, C35, C8",11,10U,C_1206_3216Metric_Pad1.33x1.80mm_HandSolder,,,,smt,"Unpolarized capacitor, small symbol",,
"C10, C13, C17, C2, C20, C21, C24, C28, C31, C32, C6, C9",12,0.1U,C_0805_2012Metric_Pad1.18x1.45mm_HandSolder,,,,smt,"Unpolarized capacitor, small symbol",,
"C14, C15, C25, C26, C3, C5",6,2.2n 50V C0G,C_0805_2012Metric_Pad1.18x1.45mm_HandSolder,,,,smt,"Unpolarized capacitor, small symbol",791-0805N222F500CT,
"C16, C27, C4",3,2.2u 25V,C_1206_3216Metric_Pad1.33x1.80mm_HandSolder,,,,smt,"Unpolarized capacitor, small symbol", 603-CC1206JKX78BB225 ,
"C18, C30, C7",3,2.2u 25V,C_0805_2012Metric_Pad1.18x1.45mm_HandSolder,,,,smt,"Unpolarized capacitor, small symbol", 603-CC1206JKX78BB225 ,
"C36, C37, C38",3,220u,CP_Radial_D6.3mm_P2.50mm,,,,tht,,,
D1,1,RED,LED_0603_1608Metric,,,,smt,Light emitting diode,,
D2,1,BLUE,LED_0603_1608Metric,,,,smt,Light emitting diode,,
"J1, J3, J5",3,Conn_01x04_Pin,JST_PH_B4B-PH-K_1x04_P2.00mm_Vertical,,,,tht,"Generic connector, single row, 01x04, script generated",,
J10,1,Conn_01x02_Pin,PinHeader_1x02_P2.54mm_Vertical,,,,tht,"Generic connector, single row, 01x02, script generated",,
"J2, J4, J6, J8, J9",5,Conn_01x03_Pin,JST_PH_B3B-PH-K_1x03_P2.00mm_Vertical,,,,tht,"Generic connector, single row, 01x03, script generated",,
J7,1,Conn_01x02_Pin,JST_PH_B2B-PH-K_1x02_P2.00mm_Vertical,,,,tht,"Generic connector, single row, 01x02, script generated",,
"R1, R2, R3, R4, R5, R6",6,470R TF,R_0805_2012Metric_Pad1.20x1.40mm_HandSolder,,,,smt,"Resistor, small symbol",603-RT0805FRE07470RL,
R7,1,1.3K,R_0603_1608Metric_Pad0.98x0.95mm_HandSolder,,,,smt,"Resistor, small symbol",,
R8,1,150R,R_0603_1608Metric_Pad0.98x0.95mm_HandSolder,,,,smt,"Resistor, small symbol",,
"U1, U2, U3",3,PCM5122PW,TSSOP-28_4.4x9.7mm_P0.65mm,,,,smt,"2VRMS DirectPath, 112dB Audio Stereo DAC with 32-bit, 384kHz PCM Interface, TSSOP-28", 595-PCM5122PWR ,
U5,1,ZLDO1117QG33TA,SOT-223-3_TabPin2,,,,smt,"1A Low Dropout regulator, positive, 3.3V fixed output, SOT-223",,
U6,1,DA101C_C6931652,XFMR-TH_4P-L9.5-W9.0-P5.08-LS10.2_C9900096976,,,,tht,,,C6931652
