﻿pos_x,pos_y,rotation,side,designator,mpn,pack,footprint,value,mount_type
62.7989,-95.935,180.0,top,C1,,,C_1206_3216Metric_Pad1.33x1.80mm_HandSolder,10U,smt
76.4614,-86.6775,0.0,top,C10,,,C_0805_2012Metric_Pad1.18x1.45mm_HandSolder,0.1U,smt
76.7364,-77.865,90.0,top,C11,,,C_1206_3216Metric_Pad1.33x1.80mm_HandSolder,10U,smt
83.7989,-95.935,180.0,top,C12,,,C_1206_3216Metric_Pad1.33x1.80mm_HandSolder,10U,smt
85.2989,-83.5775,180.0,top,C13,,,C_0805_2012Metric_Pad1.18x1.45mm_HandSolder,0.1U,smt
87.3364,-68.8525,90.0,top,C14,,,C_0805_2012Metric_Pad1.18x1.45mm_HandSolder,2.2n 50V C0G,smt
89.6232,-68.8525,90.0,top,C15,,,C_0805_2012Metric_Pad1.18x1.45mm_HandSolder,2.2n 50V C0G,smt
91.6364,-82.0775,-90.0,top,C16,,,C_1206_3216Metric_Pad1.33x1.80mm_HandSolder,2.2u 25V,smt
94.7364,-95.765,180.0,top,C17,,,C_0805_2012Metric_Pad1.18x1.45mm_HandSolder,0.1U,smt
95.1364,-83.5775,180.0,top,C18,,,C_0805_2012Metric_Pad1.18x1.45mm_HandSolder,2.2u 25V,smt
95.3864,-98.4775,0.0,top,C19,,,C_1206_3216Metric_Pad1.33x1.80mm_HandSolder,10U,smt
64.2989,-83.5775,180.0,top,C2,,,C_0805_2012Metric_Pad1.18x1.45mm_HandSolder,0.1U,smt
97.0114,-92.315,0.0,top,C20,,,C_0805_2012Metric_Pad1.18x1.45mm_HandSolder,0.1U,smt
97.4614,-86.6275,0.0,top,C21,,,C_0805_2012Metric_Pad1.18x1.45mm_HandSolder,0.1U,smt
99.2614,-77.865,90.0,top,C22,,,C_1206_3216Metric_Pad1.33x1.80mm_HandSolder,10U,smt
103.9364,-95.935,180.0,top,C23,,,C_1206_3216Metric_Pad1.33x1.80mm_HandSolder,10U,smt
106.6989,-83.2975,180.0,top,C24,,,C_0805_2012Metric_Pad1.18x1.45mm_HandSolder,0.1U,smt
107.7364,-68.8525,90.0,top,C25,,,C_0805_2012Metric_Pad1.18x1.45mm_HandSolder,2.2n 50V C0G,smt
110.0364,-68.8525,90.0,top,C26,,,C_0805_2012Metric_Pad1.18x1.45mm_HandSolder,2.2n 50V C0G,smt
111.8364,-82.0775,-90.0,top,C27,,,C_1206_3216Metric_Pad1.33x1.80mm_HandSolder,2.2u 25V,smt
114.5614,-95.765,180.0,top,C28,,,C_0805_2012Metric_Pad1.18x1.45mm_HandSolder,0.1U,smt
115.1614,-98.4775,0.0,top,C29,,,C_1206_3216Metric_Pad1.33x1.80mm_HandSolder,10U,smt
68.6364,-68.8275,90.0,top,C3,,,C_0805_2012Metric_Pad1.18x1.45mm_HandSolder,2.2n 50V C0G,smt
115.6364,-83.5775,180.0,top,C30,,,C_0805_2012Metric_Pad1.18x1.45mm_HandSolder,2.2u 25V,smt
118.0614,-86.7275,0.0,top,C31,,,C_0805_2012Metric_Pad1.18x1.45mm_HandSolder,0.1U,smt
118.1989,-92.5775,0.0,top,C32,,,C_0805_2012Metric_Pad1.18x1.45mm_HandSolder,0.1U,smt
118.9364,-77.865,90.0,top,C33,,,C_1206_3216Metric_Pad1.33x1.80mm_HandSolder,10U,smt
129.7989,-95.865,180.0,top,C34,,,C_1206_3216Metric_Pad1.33x1.80mm_HandSolder,10U,smt
129.9364,-82.815,0.0,top,C35,,,C_1206_3216Metric_Pad1.33x1.80mm_HandSolder,10U,smt
139.9364,-69.165,90.0,top,C36,,,CP_Radial_D6.3mm_P2.50mm,220u,tht
139.9364,-76.665,90.0,top,C37,,,CP_Radial_D6.3mm_P2.50mm,220u,tht
139.9364,-84.3474,90.0,top,C38,,,CP_Radial_D6.3mm_P2.50mm,220u,tht
70.1364,-82.0775,-90.0,top,C4,,,C_1206_3216Metric_Pad1.33x1.80mm_HandSolder,2.2u 25V,smt
70.9364,-68.8275,90.0,top,C5,,,C_0805_2012Metric_Pad1.18x1.45mm_HandSolder,2.2n 50V C0G,smt
73.1465,-95.8525,180.0,top,C6,,,C_0805_2012Metric_Pad1.18x1.45mm_HandSolder,0.1U,smt
73.6364,-83.5775,180.0,top,C7,,,C_0805_2012Metric_Pad1.18x1.45mm_HandSolder,2.2u 25V,smt
73.8364,-98.565,0.0,top,C8,,,C_1206_3216Metric_Pad1.33x1.80mm_HandSolder,10U,smt
75.3614,-92.8275,0.0,top,C9,,,C_0805_2012Metric_Pad1.18x1.45mm_HandSolder,0.1U,smt
132.2614,-100.025,180.0,top,D1,,,LED_0603_1608Metric,RED,smt
132.2614,-101.865,180.0,top,D2,,,LED_0603_1608Metric,BLUE,smt
67.1364,-109.165,0.0,top,J1,,,JST_PH_B4B-PH-K_1x04_P2.00mm_Vertical,Conn_01x04_Pin,tht
141.0364,-103.24,180.0,top,J10,,,PinHeader_1x02_P2.54mm_Vertical,Conn_01x02_Pin,tht
72.2364,-60.965,180.0,top,J2,,,JST_PH_B3B-PH-K_1x03_P2.00mm_Vertical,Conn_01x03_Pin,tht
87.0989,-109.165,0.0,top,J3,,,JST_PH_B4B-PH-K_1x04_P2.00mm_Vertical,Conn_01x04_Pin,tht
93.2114,-60.965,180.0,top,J4,,,JST_PH_B3B-PH-K_1x03_P2.00mm_Vertical,Conn_01x03_Pin,tht
107.0614,-109.165,0.0,top,J5,,,JST_PH_B4B-PH-K_1x04_P2.00mm_Vertical,Conn_01x04_Pin,tht
111.4364,-61.065,180.0,top,J6,,,JST_PH_B3B-PH-K_1x03_P2.00mm_Vertical,Conn_01x03_Pin,tht
119.0864,-61.065,180.0,top,J7,,,JST_PH_B2B-PH-K_1x02_P2.00mm_Vertical,Conn_01x02_Pin,tht
122.2364,-109.165,0.0,top,J8,,,JST_PH_B3B-PH-K_1x03_P2.00mm_Vertical,Conn_01x03_Pin,tht
140.4364,-94.665,90.0,top,J9,,,JST_PH_B3B-PH-K_1x03_P2.00mm_Vertical,Conn_01x03_Pin,tht
68.6364,-72.94,90.0,top,R1,,,R_0805_2012Metric_Pad1.20x1.40mm_HandSolder,470R TF,smt
70.9232,-72.94,90.0,top,R2,,,R_0805_2012Metric_Pad1.20x1.40mm_HandSolder,470R TF,smt
87.3364,-72.965,90.0,top,R3,,,R_0805_2012Metric_Pad1.20x1.40mm_HandSolder,470R TF,smt
89.6232,-72.965,90.0,top,R4,,,R_0805_2012Metric_Pad1.20x1.40mm_HandSolder,470R TF,smt
107.7364,-72.965,90.0,top,R5,,,R_0805_2012Metric_Pad1.20x1.40mm_HandSolder,470R TF,smt
110.0364,-72.965,90.0,top,R6,,,R_0805_2012Metric_Pad1.20x1.40mm_HandSolder,470R TF,smt
128.7489,-100.065,0.0,top,R7,,,R_0603_1608Metric_Pad0.98x0.95mm_HandSolder,1.3K,smt
128.7489,-101.865,0.0,top,R8,,,R_0603_1608Metric_Pad0.98x0.95mm_HandSolder,150R,smt
67.2614,-89.4275,-90.0,top,U1,,,TSSOP-28_4.4x9.7mm_P0.65mm,PCM5122PW,smt
88.2614,-89.6275,-90.0,top,U2,,,TSSOP-28_4.4x9.7mm_P0.65mm,PCM5122PW,smt
109.2614,-89.6275,-90.0,top,U3,,,TSSOP-28_4.4x9.7mm_P0.65mm,PCM5122PW,smt
130.9364,-89.165,90.0,top,U5,,,SOT-223-3_TabPin2,ZLDO1117QG33TA,smt
128.6964,-64.445,90.0,top,U6,,,XFMR-TH_4P-L9.5-W9.0-P5.08-LS10.2_C9900096976,DA101C_C6931652,tht
