﻿pos_x,pos_y,rotation,side,designator,mpn,pack,footprint,value,mount_type
30.9364,-64.965,180.0,top,C1,,,C_0805_2012Metric_Pad1.18x1.45mm_HandSolder,10u,smt
109.5864,-38.715,90.0,top,C10,,,C_0603_1608Metric_Pad1.08x0.95mm_HandSolder,0.1u,smt
111.6864,-38.74,90.0,top,C11,,,C_0805_2012Metric_Pad1.18x1.45mm_HandSolder,10u,smt
31.1664,-67.19,180.0,top,C2,,,C_0603_1608Metric_Pad1.08x0.95mm_HandSolder,0.1u,smt
37.5114,-65.6275,180.0,top,C3,,,C_0603_1608Metric_Pad1.08x0.95mm_HandSolder,0.1u,smt
49.0364,-65.6275,180.0,top,C4,,,C_0603_1608Metric_Pad1.08x0.95mm_HandSolder,0.1u,smt
60.6739,-65.6275,180.0,top,C5,,,C_0603_1608Metric_Pad1.08x0.95mm_HandSolder,0.1u,smt
93.3364,-30.082621,-90.0,top,C6,,,CP_Radial_D6.3mm_P2.50mm,220u,tht
94.5364,-79.7275,90.0,top,C7,,,C_0603_1608Metric_Pad1.08x0.95mm_HandSolder,0.1u,smt
96.8364,-79.465,90.0,top,C8,,,C_0805_2012Metric_Pad1.18x1.45mm_HandSolder,10u,smt
97.8364,-70.29,180.0,top,C9,,,C_0603_1608Metric_Pad1.08x0.95mm_HandSolder,0.1u,smt
51.1764,-47.94,90.0,top,D1,,,D_0603_1608Metric,BLUE,smt
76.3114,-60.165,180.0,top,D2,,,D_0603_1608Metric,BLUE,smt
90.6364,-49.9525,90.0,top,D3,,,D_0603_1608Metric,BLUE,smt
111.8364,-68.8525,-90.0,top,D4,,,D_0603_1608Metric,BLUE,smt
37.2364,-78.865,0.0,top,J1,,,JST_PH_B6B-PH-K_1x06_P2.00mm_Vertical,Conn_01x06_Pin,tht
103.5964,-69.765,90.0,top,J10,,,PinHeader_1x02_P2.54mm_Vertical,Conn_01x02_Pin,tht
44.0614,-29.79,0.0,top,J2,,,JST_PH_B4B-PH-K_1x04_P2.00mm_Vertical,Conn_01x04_Pin,tht
52.9864,-78.865,0.0,top,J3,,,JST_PH_B4B-PH-K_1x04_P2.00mm_Vertical,Conn_01x04_Pin,tht
56.6364,-29.665,0.0,top,J4,,,JST_PH_B4B-PH-K_1x04_P2.00mm_Vertical,Conn_01x04_Pin,tht
62.0964,-48.925,0.0,top,J5,,,PinHeader_2x03_P2.54mm_Vertical,Conn_02x03_Odd_Even,tht
64.7364,-78.865,0.0,top,J6,,,JST_PH_B2B-PH-K_1x02_P2.00mm_Vertical,Conn_01x02_Pin,tht
69.2031,-29.815,0.0,top,J7,,,JST_PH_B4B-PH-K_1x04_P2.00mm_Vertical,Conn_01x04_Pin,tht
70.3364,-53.975,180.0,top,J8,,,PinHeader_1x06_P2.54mm_Vertical,Conn_01x06_Pin,tht
99.9364,-29.665,0.0,top,J9,,,JST_PH_B3B-PH-K_1x03_P2.00mm_Vertical,Conn_01x03_Pin,tht
31.3364,-69.215,0.0,top,R1,,,R_0603_1608Metric,4.7K,smt
90.5964,-46.7775,-90.0,top,R10,,,R_0603_1608Metric,150R,smt
94.5364,-74.165,-90.0,top,R11,,,R_0603_1608Metric,4.7K,smt
106.0464,-66.465,0.0,top,R12,,,R_0603_1608Metric,4.7K,smt
107.5364,-38.69,-90.0,top,R13,,,R_0603_1608Metric,4.7K,smt
111.8764,-71.99,90.0,top,R14,,,R_0603_1608Metric,150R,smt
45.5114,-65.6275,0.0,top,R2,,,R_0603_1608Metric,22R,smt
51.1364,-44.765,-90.0,top,R3,,,R_0603_1608Metric,150R,smt
51.3364,-36.69,90.0,top,R4,,,R_0805_2012Metric,22R,smt
57.1864,-65.6275,0.0,top,R5,,,R_0603_1608Metric,22R,smt
64.1739,-36.565,90.0,top,R6,,,R_0805_2012Metric,22R,smt
68.4864,-65.6275,0.0,top,R7,,,R_0603_1608Metric,22R,smt
73.1364,-60.205,0.0,top,R8,,,R_0603_1608Metric,150R,smt
76.3241,-36.715,90.0,top,R9,,,R_0805_2012Metric,22R,smt
38.4864,-51.515,90.0,top,U1,,,ESP32-S3-WROOM-1,ESP32-S3-WROOM-1,smt
41.6114,-68.6275,90.0,top,U2,,,TSSOP-8_4.4x3mm_P0.65mm,PI6CV304,smt
53.2489,-68.6275,90.0,top,U3,,,TSSOP-8_4.4x3mm_P0.65mm,PI6CV304,smt
64.6114,-68.6275,90.0,top,U4,,,TSSOP-8_4.4x3mm_P0.65mm,PI6CV304,smt
81.4364,-72.405,180.0,top,U5,,,ESP32-S3-WROOM-1,ESP32-S3-WROOM-1,smt
97.8739,-67.315,0.0,top,U6,,,SOT-23-6,TMP100,smt
103.7864,-51.515,-90.0,top,U7,,,ESP32-S3-WROOM-1,ESP32-S3-WROOM-1,smt
