﻿Designator,Quantity,Value,Footprint,Package,MPN,DNP,Mount_Type,Description,LCSC,Mouser,Field6
"C1, C11, C8",3,10u,C_0805_2012Metric_Pad1.18x1.45mm_HandSolder,,,,smt,"Unpolarized capacitor, small symbol",,,
"C10, C2, C3, C4, C5, C7, C9",7,0.1u,C_0603_1608Metric_Pad1.08x0.95mm_HandSolder,,,,smt,"Unpolarized capacitor, small symbol",,,
C6,1,220u,CP_Radial_D6.3mm_P2.50mm,,,,tht,,C4747974,,
"D1, D2, D3, D4",4,BLUE,D_0603_1608Metric,,,,smt,Light emitting diode,C84259,,
J1,1,Conn_01x06_Pin,JST_PH_B6B-PH-K_1x06_P2.00mm_Vertical,,,,tht,"Generic connector, single row, 01x06, script generated",,,
J10,1,Conn_01x02_Pin,PinHeader_1x02_P2.54mm_Vertical,,,,tht,"Generic connector, single row, 01x02, script generated",,,
"J2, J3, J4, J7",4,Conn_01x04_Pin,JST_PH_B4B-PH-K_1x04_P2.00mm_Vertical,,,,tht,"Generic connector, single row, 01x04, script generated",,,
J5,1,Conn_02x03_Odd_Even,PinHeader_2x03_P2.54mm_Vertical,,,,tht,"Generic connector, double row, 02x03, odd/even pin numbering scheme (row 1 odd numbers, row 2 even numbers), script generated (kicad-library-utils/schlib/autogen/connector/)",,,
J6,1,Conn_01x02_Pin,JST_PH_B2B-PH-K_1x02_P2.00mm_Vertical,,,,tht,"Generic connector, single row, 01x02, script generated",,,
J8,1,Conn_01x06_Pin,PinHeader_1x06_P2.54mm_Vertical,,,,tht,"Generic connector, single row, 01x06, script generated",,,
J9,1,Conn_01x03_Pin,JST_PH_B3B-PH-K_1x03_P2.00mm_Vertical,,,,tht,"Generic connector, single row, 01x03, script generated",,,
"R1, R11, R12, R13",4,4.7K,R_0603_1608Metric,,,,smt,"Resistor, small symbol",C23162,,
"R10, R14, R3, R8",4,150R,R_0603_1608Metric,,,,smt,"Resistor, small symbol",C22808,,
"R2, R5, R7",3,22R,R_0603_1608Metric,,,,smt,"Resistor, small symbol",,,
"R4, R6, R9",3,22R,R_0805_2012Metric,,,,smt,"Resistor, small symbol",,[R4]603-RT0805FRE0722RL ; [R9] 603-RT0805FRE0722RL ,603-RT0805FRE0722RL 
"U1, U5, U7",3,ESP32-S3-WROOM-1,ESP32-S3-WROOM-1,,,,smt,"2.4 GHz WiFi (802.11 b/g/n) and Bluetooth ® 5 (LE) module Built around ESP32S3 series of SoCs, Xtensa ® dualcore 32bit LX7 microprocessor Flash up to 16 MB, PSRAM up to 8 MB 36 GPIOs, rich set of peripherals Onboard PCB antenna",,356-ESP32S3WRM1N16R8 ,
"U2, U3, U4",3,PI6CV304,TSSOP-8_4.4x3mm_P0.65mm,,,,smt,,,,
U6,1,TMP100,SOT-23-6,,,,smt,"Temperature Sensor with I2C/SMBus Interface, SOT-23-6",,,
