﻿Designator,Quantity,Value,Footprint,Package,MPN,DNP,Mount_Type,Mouser
"C1, C2, C4, C5",4,15000U,CP_Radial_D30.0mm_P10.00mm_SnapIn,,,,tht,
"C3, C6",2,3300u 50V,CP_Radial_D18.0mm_P7.50mm,,,,tht,
"C7, C8",2,0.1u,C_0805_2012Metric_Pad1.18x1.45mm_HandSolder,,,,smt,
C9,1,10u,C_1206_3216Metric_Pad1.33x1.80mm_HandSolder,,,,smt,
"D1, D2",2,YELLOW,LED_0603_1608Metric_Pad1.05x0.95mm_HandSolder,,,,smt,
"D3, D4",2,BLUE,LED_0603_1608Metric_Pad1.05x0.95mm_HandSolder,,,,smt,
"F1, F2",2,Fuse_Small,Aliexpress Fuse 5x20,,,,tht,
"H1, H2, H3, H4",4,MountingHole,MountingHole_3mm_Pad_TopOnly,,,,tht,
J1,1,Conn_01x02_Male,JST_VH_B2P-VH-B_1x02_P3.96mm_Vertical,,,,tht,
"J2, J4, J5, J6",4,Conn_01x03_Male,JST_VH_B3P-VH_1x03_P3.96mm_Vertical,,,,tht,
"J3, J7",2,Conn_01x02_Pin,JST_PH_B2B-PH-K_1x02_P2.00mm_Vertical,,,,tht,
J8,1,Conn_01x02_Male,JST_PH_B2B-PH-K_1x02_P2.00mm_Vertical,,,,tht,
"R1, R3, R4, R5",4,16K,LED_0603_1608Metric_Pad1.05x0.95mm_HandSolder,,,,smt, 71-CRCW060316K0FKEAC 
"R2, R6",2,1.5K 2W,R_2512_6332Metric_Pad1.40x3.35mm_HandSolder,,,,smt,652-CRM2512JW152ELF
"U1, U2",2,INA260,TSSOP-16_4.4x5mm_P0.65mm,,,,smt,595-INA260AIPWR
