﻿pos_x,pos_y,rotation,side,designator,mpn,pack,footprint,value,mount_type
171.0,-66.0,90.0,top,C1,,,CP_Radial_D30.0mm_P10.00mm_SnapIn,15000U,tht
202.0,-66.0,90.0,top,C2,,,CP_Radial_D30.0mm_P10.00mm_SnapIn,15000U,tht
224.4,-77.1,0.0,top,C3,,,CP_Radial_D18.0mm_P7.50mm,3300u 50V,tht
171.5,-96.995,90.0,top,C4,,,CP_Radial_D30.0mm_P10.00mm_SnapIn,15000U,tht
202.5,-97.017934,90.0,top,C5,,,CP_Radial_D30.0mm_P10.00mm_SnapIn,15000U,tht
224.4,-97.8,0.0,top,C6,,,CP_Radial_D18.0mm_P7.50mm,3300u 50V,tht
164.6,-111.1,0.0,top,C7,,,C_0805_2012Metric_Pad1.18x1.45mm_HandSolder,0.1u,smt
160.0,-120.525,90.0,top,C8,,,C_0805_2012Metric_Pad1.18x1.45mm_HandSolder,0.1u,smt
171.3,-111.1,0.0,top,C9,,,C_1206_3216Metric_Pad1.33x1.80mm_HandSolder,10u,smt
196.6125,-111.3,0.0,top,D1,,,LED_0603_1608Metric_Pad1.05x0.95mm_HandSolder,YELLOW,smt
232.7,-121.9375,90.0,top,D2,,,LED_0603_1608Metric_Pad1.05x0.95mm_HandSolder,YELLOW,smt
235.2,-121.9375,90.0,top,D3,,,LED_0603_1608Metric_Pad1.05x0.95mm_HandSolder,BLUE,smt
196.5675,-126.38,0.0,top,D4,,,LED_0603_1608Metric_Pad1.05x0.95mm_HandSolder,BLUE,smt
192.45,-120.85,180.0,top,F1,,,Aliexpress Fuse 5x20,Fuse_Small,tht
192.5,-135.68,180.0,top,F2,,,Aliexpress Fuse 5x20,Fuse_Small,tht
147.95,-59.5,90.0,top,J1,,,JST_VH_B2P-VH-B_1x02_P3.96mm_Vertical,Conn_01x02_Male,tht
233.3,-62.2,90.0,top,J2,,,JST_VH_B3P-VH_1x03_P3.96mm_Vertical,Conn_01x03_Male,tht
145.7,-69.0,90.0,top,J3,,,JST_PH_B2B-PH-K_1x02_P2.00mm_Vertical,Conn_01x02_Pin,tht
148.0,-92.0325,90.0,top,J4,,,JST_VH_B3P-VH_1x03_P3.96mm_Vertical,Conn_01x03_Male,tht
148.0,-105.92,90.0,top,J5,,,JST_VH_B3P-VH_1x03_P3.96mm_Vertical,Conn_01x03_Male,tht
148.0,-124.5,90.0,top,J6,,,JST_VH_B3P-VH_1x03_P3.96mm_Vertical,Conn_01x03_Male,tht
157.5,-135.45,0.0,top,J7,,,JST_PH_B2B-PH-K_1x02_P2.00mm_Vertical,Conn_01x02_Pin,tht
166.0,-135.45,0.0,top,J8,,,JST_PH_B2B-PH-K_1x02_P2.00mm_Vertical,Conn_01x02_Male,tht
200.5,-111.3,180.0,top,R1,,,LED_0603_1608Metric_Pad1.05x0.95mm_HandSolder,16K,smt
210.2,-120.75,-90.0,top,R2,,,R_2512_6332Metric_Pad1.40x3.35mm_HandSolder,1.5K 2W,smt
232.7,-126.0375,-90.0,top,R3,,,LED_0603_1608Metric_Pad1.05x0.95mm_HandSolder,16K,smt
235.2,-126.0375,-90.0,top,R4,,,LED_0603_1608Metric_Pad1.05x0.95mm_HandSolder,16K,smt
200.45,-126.38,180.0,top,R5,,,LED_0603_1608Metric_Pad1.05x0.95mm_HandSolder,16K,smt
210.2,-131.1,-90.0,top,R6,,,R_2512_6332Metric_Pad1.40x3.35mm_HandSolder,1.5K 2W,smt
167.1375,-116.1,180.0,top,U1,,,TSSOP-16_4.4x5mm_P0.65mm,INA260,smt
167.1375,-127.4625,180.0,top,U2,,,TSSOP-16_4.4x5mm_P0.65mm,INA260,smt
