﻿Designator,Quantity,Value,Footprint,Package,MPN,DNP,Mount_Type,Description,Mouser,LCSC Part
"C1, C15, C20, C8",4,10n C0G,C_0805_2012Metric_Pad1.18x1.45mm_HandSolder,,,,smt,"Unpolarized capacitor, small symbol",791-0805N103G250CT,
"C10, C11, C17, C3, C6",5,0.1u,C_0805_2012Metric_Pad1.18x1.45mm_HandSolder,,,,smt,"Unpolarized capacitor, small symbol",,
"C12, C16, C19",3,220u,CP_Radial_D6.3mm_P2.50mm,,,,tht,"Polarized capacitor, small symbol",,
C13,1,4.7n C0G,C_0603_1608Metric,,,,smt,"Unpolarized capacitor, small symbol", 791-0603N472F500CT ,
C14,1,68n C0G,C_1206_3216Metric,,,,smt,"Unpolarized capacitor, small symbol", 81-GRM3195C1H683JA5D ,
"C18, C2, C5, C7, C9",5,10u,C_1206_3216Metric_Pad1.33x1.80mm_HandSolder,,,,smt,"Unpolarized capacitor, small symbol",,
D1,1,BLUE,LED_0603_1608Metric,,,,smt,,,
"D2, D3",2,YELLOW,LED_0603_1608Metric,,,,smt,,,
"H1, H2, H3, H4",4,MountingHole,MountingHole_3.2mm_M3_DIN965_Pad_TopOnly,,,,tht,Mounting Hole without connection,,
J1,1,Conn_01x04_Pin,PinHeader_1x04_P2.54mm_Vertical,,,,tht,"Generic connector, single row, 01x04, script generated",,
"J10, J3, J4, J6, J8, J9",6,Conn_01x02_Pin,JST_XH_B2B-XH-A_1x02_P2.50mm_Vertical,,,,tht,"Generic connector, single row, 01x02, script generated",,
J11,1,Conn_01x03_Pin,JST_PH_B3B-PH-K_1x03_P2.00mm_Vertical,,,,tht,"Generic connector, single row, 01x03, script generated",,
"J12, J13, J2",3,Conn_01x04_Pin,JST_PH_B4B-PH-K_1x04_P2.00mm_Vertical,,,,tht,"Generic connector, single row, 01x04, script generated",,
J14,1,Conn_01x05_Pin,JST_PH_B5B-PH-K_1x05_P2.00mm_Vertical,,,,tht,"Generic connector, single row, 01x05, script generated",,
"J5, J7",2,Conn_01x02_Pin,PinHeader_1x02_P2.54mm_Vertical,,,,tht,"Generic connector, single row, 01x02, script generated",,
"R1, R18",2,4.7K,R_0603_1608Metric,,,,smt,"Resistor, small symbol",,
"R10, R17, R6, R8",4,75R,R_0603_1608Metric_Pad0.98x0.95mm_HandSolder,,,,smt,"Resistor, small symbol",71-CRCW0603-75-E3,
"R11, R16",2,220R,R_0603_1608Metric_Pad0.98x0.95mm_HandSolder,,,,smt,"Resistor, small symbol",71-CRCW0603-75-E3,
"R12, R15",2,100K,R_0603_1608Metric_Pad0.98x0.95mm_HandSolder,,,,smt,"Resistor, small symbol",71-CRCW0603-75-E3,
R13,1,500R,R_0603_1608Metric_Pad0.98x0.95mm_HandSolder,,,,smt,,,
"R14, R19",2,325R,R_0603_1608Metric_Pad0.98x0.95mm_HandSolder,,,,smt,,,
"R2, R3, R4, R5",4,22R,R_0805_2012Metric,,,,smt,"Resistor, small symbol",603-RT0805FRE0722RL ,
R9,1,680R,R_0603_1608Metric,,,,smt,"Resistor, small symbol", 603-RT0603FRE07680RL ,
"U1, U2, U4, U6, U8",5,DA101C_C6931652,XFMR-TH_4P-L9.5-W9.0-P5.08-LS10.2_C9900096976,,,,tht,,580-DA101C ,C6931652
U3,1,AMS1117-3.3,SOT-223-3_TabPin2,,,,smt,"1A Low Dropout regulator, positive, 3.3V fixed output, SOT-223",,
U5,1,DIX9211,LQFP-48_7x7mm_P0.5mm,,,,smt,,595-DIX9211PTR,
U7,1,74HC7014,TSSOP-14_4.4x5mm_P0.65mm,,,,smt,"Hex non-inverting buffer with precision Schmitt Trigger inputs, SOIC-14", 771-74HC7014D-T ,
U9,1,ASDMB-xxxMHz,Oscillator_SMD_Abracon_ASE-4Pin_3.2x2.5mm,,,,smt,"1.8-3.3V SMD Ultra Miniature Crystal Clock Oscillator, Abracon",346-3225Z24.5760C1KX ,
