﻿pos_x,pos_y,rotation,side,designator,mpn,pack,footprint,value,mount_type
53.68,-41.605,-90.0,top,C1,,,C_0805_2012Metric_Pad1.18x1.45mm_HandSolder,10n C0G,smt
90.7,-54.3,180.0,top,C10,,,C_0805_2012Metric_Pad1.18x1.45mm_HandSolder,0.1u,smt
70.9,-54.6,0.0,top,C11,,,C_0805_2012Metric_Pad1.18x1.45mm_HandSolder,0.1u,smt
100.3,-56.6,-90.0,top,C12,,,CP_Radial_D6.3mm_P2.50mm,220u,tht
72.8,-57.675,0.0,top,C13,,,C_0603_1608Metric,4.7n C0G,smt
69.9,-58.6,-90.0,top,C14,,,C_1206_3216Metric,68n C0G,smt
53.68,-62.48,-90.0,top,C15,,,C_0805_2012Metric_Pad1.18x1.45mm_HandSolder,10n C0G,smt
100.3,-64.45,-90.0,top,C16,,,CP_Radial_D6.3mm_P2.50mm,220u,tht
56.85,-71.1,90.0,top,C17,,,C_0805_2012Metric_Pad1.18x1.45mm_HandSolder,0.1u,smt
61.7,-71.8625,0.0,top,C18,,,C_1206_3216Metric_Pad1.33x1.80mm_HandSolder,10u,smt
100.3,-72.3,-90.0,top,C19,,,CP_Radial_D6.3mm_P2.50mm,220u,tht
109.3,-43.0375,90.0,top,C2,,,C_1206_3216Metric_Pad1.33x1.80mm_HandSolder,10u,smt
53.68,-72.9175,-90.0,top,C20,,,C_0805_2012Metric_Pad1.18x1.45mm_HandSolder,10n C0G,smt
68.2,-44.7375,-90.0,top,C3,,,C_0805_2012Metric_Pad1.18x1.45mm_HandSolder,0.1u,smt
97.1,-45.8,90.0,top,C5,,,C_1206_3216Metric_Pad1.33x1.80mm_HandSolder,10u,smt
75.7,-49.1,-90.0,top,C6,,,C_0805_2012Metric_Pad1.18x1.45mm_HandSolder,0.1u,smt
91.3,-51.6,180.0,top,C7,,,C_1206_3216Metric_Pad1.33x1.80mm_HandSolder,10u,smt
53.68,-52.0425,-90.0,top,C8,,,C_0805_2012Metric_Pad1.18x1.45mm_HandSolder,10n C0G,smt
67.6,-53.1,90.0,top,C9,,,C_1206_3216Metric_Pad1.33x1.80mm_HandSolder,10u,smt
106.6,-62.025,90.0,top,D1,,,LED_0603_1608Metric,BLUE,smt
108.84,-62.025,90.0,top,D2,,,LED_0603_1608Metric,YELLOW,smt
48.0575,-80.6,0.0,top,D3,,,LED_0603_1608Metric,YELLOW,smt
61.585,-30.2,90.0,top,J1,,,PinHeader_1x04_P2.54mm_Vertical,Conn_01x04_Pin,tht
30.3,-72.2,-90.0,top,J10,,,JST_XH_B2B-XH-A_1x02_P2.50mm_Vertical,Conn_01x02_Pin,tht
107.95,-74.6,90.0,top,J11,,,JST_PH_B3B-PH-K_1x03_P2.00mm_Vertical,Conn_01x03_Pin,tht
62.5,-79.9,0.0,top,J12,,,JST_PH_B4B-PH-K_1x04_P2.00mm_Vertical,Conn_01x04_Pin,tht
73.75,-79.9,0.0,top,J13,,,JST_PH_B4B-PH-K_1x04_P2.00mm_Vertical,Conn_01x04_Pin,tht
85.0,-79.9,0.0,top,J14,,,JST_PH_B5B-PH-K_1x05_P2.00mm_Vertical,Conn_01x05_Pin,tht
74.525,-30.6,0.0,top,J2,,,JST_PH_B4B-PH-K_1x04_P2.00mm_Vertical,Conn_01x04_Pin,tht
89.3,-32.3,180.0,top,J3,,,JST_XH_B2B-XH-A_1x02_P2.50mm_Vertical,Conn_01x02_Pin,tht
30.3,-36.9,-90.0,top,J4,,,JST_XH_B2B-XH-A_1x02_P2.50mm_Vertical,Conn_01x02_Pin,tht
66.14,-39.6,-90.0,top,J5,,,PinHeader_1x02_P2.54mm_Vertical,Conn_01x02_Pin,tht
30.3,-45.725,-90.0,top,J6,,,JST_XH_B2B-XH-A_1x02_P2.50mm_Vertical,Conn_01x02_Pin,tht
108.6,-53.9,180.0,top,J7,,,PinHeader_1x02_P2.54mm_Vertical,Conn_01x02_Pin,tht
30.3,-54.55,-90.0,top,J8,,,JST_XH_B2B-XH-A_1x02_P2.50mm_Vertical,Conn_01x02_Pin,tht
30.3,-63.375,-90.0,top,J9,,,JST_XH_B2B-XH-A_1x02_P2.50mm_Vertical,Conn_01x02_Pin,tht
66.5,-36.8,0.0,top,R1,,,R_0603_1608Metric,4.7K,smt
51.78,-62.546666,-90.0,top,R10,,,R_0603_1608Metric_Pad0.98x0.95mm_HandSolder,75R,smt
65.8,-63.4875,90.0,top,R11,,,R_0603_1608Metric_Pad0.98x0.95mm_HandSolder,220R,smt
68.85,-63.4875,-90.0,top,R12,,,R_0603_1608Metric_Pad0.98x0.95mm_HandSolder,100K,smt
106.6,-65.8,90.0,top,R13,,,R_0603_1608Metric_Pad0.98x0.95mm_HandSolder,500R,smt
108.9,-65.8,90.0,top,R14,,,R_0603_1608Metric_Pad0.98x0.95mm_HandSolder,325R,smt
65.8,-67.1875,-90.0,top,R15,,,R_0603_1608Metric_Pad0.98x0.95mm_HandSolder,100K,smt
68.85,-67.1875,90.0,top,R16,,,R_0603_1608Metric_Pad0.98x0.95mm_HandSolder,220R,smt
51.78,-73.0175,-90.0,top,R17,,,R_0603_1608Metric_Pad0.98x0.95mm_HandSolder,75R,smt
93.0,-74.8,-90.0,top,R18,,,R_0603_1608Metric,4.7K,smt
44.7,-80.6,0.0,top,R19,,,R_0603_1608Metric_Pad0.98x0.95mm_HandSolder,325R,smt
73.591667,-37.275,90.0,top,R2,,,R_0805_2012Metric,22R,smt
76.325,-37.275,90.0,top,R3,,,R_0805_2012Metric,22R,smt
79.058333,-37.275,90.0,top,R4,,,R_0805_2012Metric,22R,smt
81.791667,-37.275,90.0,top,R5,,,R_0805_2012Metric,22R,smt
51.78,-41.605,-90.0,top,R6,,,R_0603_1608Metric_Pad0.98x0.95mm_HandSolder,75R,smt
51.78,-52.075833,-90.0,top,R8,,,R_0603_1608Metric_Pad0.98x0.95mm_HandSolder,75R,smt
72.8,-59.275,180.0,top,R9,,,R_0603_1608Metric,680R,smt
99.3,-33.7,0.0,top,U1,,,XFMR-TH_4P-L9.5-W9.0-P5.08-LS10.2_C9900096976,DA101C_C6931652,tht
41.88,-38.86,0.0,top,U2,,,XFMR-TH_4P-L9.5-W9.0-P5.08-LS10.2_C9900096976,DA101C_C6931652,tht
103.2,-44.1375,180.0,top,U3,,,SOT-223-3_TabPin2,AMS1117-3.3,smt
41.88,-50.15,0.0,top,U4,,,XFMR-TH_4P-L9.5-W9.0-P5.08-LS10.2_C9900096976,DA101C_C6931652,tht
80.3,-56.4,90.0,top,U5,,,LQFP-48_7x7mm_P0.5mm,DIX9211,smt
41.88,-61.44,0.0,top,U6,,,XFMR-TH_4P-L9.5-W9.0-P5.08-LS10.2_C9900096976,DA101C_C6931652,tht
61.4,-65.6625,-90.0,top,U7,,,TSSOP-14_4.4x5mm_P0.65mm,74HC7014,smt
41.88,-72.73,0.0,top,U8,,,XFMR-TH_4P-L9.5-W9.0-P5.08-LS10.2_C9900096976,DA101C_C6931652,tht
71.2,-47.0,-90.0,top,U9,,,Oscillator_SMD_Abracon_ASE-4Pin_3.2x2.5mm,ASDMB-xxxMHz,smt
