﻿Designator,Quantity,Value,Footprint,Package,MPN,DNP,Mount_Type,Mouser,DESCRIPTION,MF,AVAILABILITY,MP,PRICE,Description
C1,1,100n X2 250V,C_Rect_L18.0mm_W5.0mm_P15.00mm_FKS3_FKP3,,,,tht,871-B32922X2104K000,,,,,,
D1,1,833-GBU3510-BP,Diode_Bridge_Vishay_GBU,SIP-4 MCC,,,tht,833-GBU3510-BP,Diode Rectifier Bridge Single 1KV 35A 4-Pin_4+Tab_ Case GBJ Bulk/Tube,Micro Commercial,Unavailable,GBJ3510-BP,None,
"H1, H2, H3, H4",4,MountingHole,MountingHole_3.2mm_M3_DIN965_Pad_TopOnly,,,,tht,,,,,,,
"J1, J2",2,Conn_01x02_Male,JST_VH_B2P-VH-B_1x02_P3.96mm_Vertical,,,,tht,,,,,,,
"J3, J4",2,Conn_01x04_Pin,"TerminalBlock_Phoenix_PT-1,5-4-3.5-H_1x04_P3.50mm_Horizontal",,,,tht,,,,,,,"Generic connector, single row, 01x04, script generated"
R1,1,10R 5W,R_Axial_DIN0617_L17.0mm_D6.0mm_P25.40mm_Horizontal,,,,tht, 594-AC05W10R00J ,,,,,,
