﻿pos_x,pos_y,rotation,side,designator,mpn,pack,footprint,value,mount_type
146.0,-98.5,0.0,top,C1,,,C_Rect_L18.0mm_W5.0mm_P15.00mm_FKS3_FKP3,100n X2 250V,tht
160.0,-64.5,-90.0,top,D1,,SIP-4 MCC,Diode_Bridge_Vishay_GBU,833-GBU3510-BP,tht
133.5,-62.7425,-90.0,top,J1,,,JST_VH_B2P-VH-B_1x02_P3.96mm_Vertical,Conn_01x02_Male,tht
157.5,-91.2575,90.0,top,J2,,,JST_VH_B2P-VH-B_1x02_P3.96mm_Vertical,Conn_01x02_Male,tht
133.2,-72.72,-90.0,top,J3,,,"TerminalBlock_Phoenix_PT-1,5-4-3.5-H_1x04_P3.50mm_Horizontal",Conn_01x04_Pin,tht
133.2,-89.0375,-90.0,top,J4,,,"TerminalBlock_Phoenix_PT-1,5-4-3.5-H_1x04_P3.50mm_Horizontal",Conn_01x04_Pin,tht
144.5,-87.2,90.0,top,R1,,,R_Axial_DIN0617_L17.0mm_D6.0mm_P25.40mm_Horizontal,10R 5W,tht
