﻿Designator,Quantity,Value,Footprint,Package,MPN,DNP,Mount_Type,Mouser
"C1, C10, C3, C8",4,22U,CP_Radial_D6.3mm_P2.50mm,,,,tht,
"C11, C4",2,22N C0G,C_0805_2012Metric_Pad1.18x1.45mm_HandSolder,,,,smt,
"C12, C5",2,1U WIMA 63VDC,C_Rect_L7.2mm_W11.0mm_P5.00mm_FKS2_FKP2_MKS2_MKP2,,,,tht, 505-MKP2C0411NMN 
"C2, C9",2,0.1U C0G,C_1206_3216Metric_Pad1.33x1.80mm_HandSolder,,,,smt,
"C6, C7",2,100U 16V,CP_Radial_D6.3mm_P2.50mm,,,,tht,
"CF1, CF3, CF5, CF7",4,0.1u,C_0805_2012Metric_Pad1.18x1.45mm_HandSolder,,,,smt,
"CF2, CF4, CF6, CF8",4,10u,C_1206_3216Metric_Pad1.33x1.80mm_HandSolder,,,,smt,
D1,1,YELLOW,LED_0603_1608Metric_Pad1.05x0.95mm_HandSolder,,,,smt,
"H1, H2, H3, H4",4,MountingHole,MountingHole_3.2mm_M3_DIN965_Pad_TopOnly,,,,tht,
"J1, J2, J5, J6",4,Conn_01x03_Male,JST_PH_B3B-PH-K_1x03_P2.00mm_Vertical,,,,tht,
J3,1,Conn_01x03_Pin,PinHeader_1x03_P2.54mm_Vertical,,,,tht,
J4,1,Conn_01x03_Male,PinHeader_1x03_P2.54mm_Vertical,,,,tht,
"R1, R10",2,2K2,R_0805_2012Metric_Pad1.20x1.40mm_HandSolder,,,,smt,
"R11, R2",2,47K,R_0805_2012Metric_Pad1.20x1.40mm_HandSolder,,,,smt,
"R12, R3",2,4.7K,R_0805_2012Metric_Pad1.20x1.40mm_HandSolder,,,,smt,
"R13, R17, R4, R8",4,100K,R_0805_2012Metric_Pad1.20x1.40mm_HandSolder,,,,smt,
"R14, R5",2,750R,R_0805_2012Metric_Pad1.20x1.40mm_HandSolder,,,,smt,
"R15, R6",2,2K7,R_0805_2012Metric_Pad1.20x1.40mm_HandSolder,,,,smt,
"R16, R7",2,10K,R_0805_2012Metric_Pad1.20x1.40mm_HandSolder,,,,smt,
"R18, R9",2,180K,R_0805_2012Metric_Pad1.20x1.40mm_HandSolder,,,,smt,
RA1,1,20R,R_0603_1608Metric,,,,smt,
RA2,1,10K,R_0603_1608Metric,,,,smt,
"RV1, RV2",2,25K,Potentiometer_Bourns_3296W_Vertical,,,,tht,
"TP1, TP2, TP3, TP4",4,TestPoint,TestPoint_THTPad_1.5x1.5mm_Drill0.7mm,,,,tht,
"U1, U2",2,OPA2134,DIP-8_W7.62mm_Socket,,,,tht,
