﻿pos_x,pos_y,rotation,side,designator,mpn,pack,footprint,value,mount_type
149.4254,-88.0735,0.0,top,C1,,,CP_Radial_D6.3mm_P2.50mm,22U,tht
142.8876,-119.9748,0.0,top,C10,,,CP_Radial_D6.3mm_P2.50mm,22U,tht
156.2,-124.1674,-90.0,top,C11,,,C_0805_2012Metric_Pad1.18x1.45mm_HandSolder,22N C0G,smt
183.2,-129.4299,90.0,top,C12,,,C_Rect_L7.2mm_W11.0mm_P5.00mm_FKS2_FKP2_MKS2_MKP2,1U WIMA 63VDC,tht
177.7193,-92.72,-90.0,top,C2,,,C_1206_3216Metric_Pad1.33x1.80mm_HandSolder,0.1U C0G,smt
142.8876,-93.0124,0.0,top,C3,,,CP_Radial_D6.3mm_P2.50mm,22U,tht
156.45,-97.52,-90.0,top,C4,,,C_0805_2012Metric_Pad1.18x1.45mm_HandSolder,22N C0G,smt
183.2,-103.05,90.0,top,C5,,,C_Rect_L7.2mm_W11.0mm_P5.00mm_FKS2_FKP2_MKS2_MKP2,1U WIMA 63VDC,tht
210.9,-105.7,0.0,top,C6,,,CP_Radial_D6.3mm_P2.50mm,100U 16V,tht
210.9,-113.6,0.0,top,C7,,,CP_Radial_D6.3mm_P2.50mm,100U 16V,tht
149.4254,-114.7748,0.0,top,C8,,,CP_Radial_D6.3mm_P2.50mm,22U,tht
177.585,-119.7999,-90.0,top,C9,,,C_1206_3216Metric_Pad1.33x1.80mm_HandSolder,0.1U C0G,smt
158.97,-87.55,90.0,top,CF1,,,C_0805_2012Metric_Pad1.18x1.45mm_HandSolder,0.1u,smt
161.37,-88.1474,90.0,top,CF2,,,C_1206_3216Metric_Pad1.33x1.80mm_HandSolder,10u,smt
171.8924,-98.9474,90.0,top,CF3,,,C_0805_2012Metric_Pad1.18x1.45mm_HandSolder,0.1u,smt
174.5312,-99.5474,90.0,top,CF4,,,C_1206_3216Metric_Pad1.33x1.80mm_HandSolder,10u,smt
158.3385,-114.2924,90.0,top,CF5,,,C_0805_2012Metric_Pad1.18x1.45mm_HandSolder,0.1u,smt
160.6385,-114.8924,90.0,top,CF6,,,C_1206_3216Metric_Pad1.33x1.80mm_HandSolder,10u,smt
171.2424,-125.7299,90.0,top,CF7,,,C_0805_2012Metric_Pad1.18x1.45mm_HandSolder,0.1u,smt
173.82,-126.3299,90.0,top,CF8,,,C_1206_3216Metric_Pad1.33x1.80mm_HandSolder,10u,smt
134.36,-112.3,-90.0,top,D1,,,LED_0603_1608Metric_Pad1.05x0.95mm_HandSolder,YELLOW,smt
192.6,-84.0,180.0,top,J1,,,JST_PH_B3B-PH-K_1x03_P2.00mm_Vertical,Conn_01x03_Male,tht
204.1,-84.0,180.0,top,J2,,,JST_PH_B3B-PH-K_1x03_P2.00mm_Vertical,Conn_01x03_Male,tht
212.6,-95.225,180.0,top,J3,,,PinHeader_1x03_P2.54mm_Vertical,Conn_01x03_Pin,tht
196.9,-117.1,-90.0,top,J4,,,PinHeader_1x03_P2.54mm_Vertical,Conn_01x03_Male,tht
134.0,-125.6,90.0,top,J5,,,JST_PH_B3B-PH-K_1x03_P2.00mm_Vertical,Conn_01x03_Male,tht
212.9,-125.6,90.0,top,J6,,,JST_PH_B3B-PH-K_1x03_P2.00mm_Vertical,Conn_01x03_Male,tht
165.07,-83.7124,180.0,top,R1,,,R_0805_2012Metric_Pad1.20x1.40mm_HandSolder,2K2,smt
164.97,-110.5748,0.0,top,R10,,,R_0805_2012Metric_Pad1.20x1.40mm_HandSolder,2K2,smt
172.07,-110.5748,0.0,top,R11,,,R_0805_2012Metric_Pad1.20x1.40mm_HandSolder,47K,smt
160.82,-119.6924,-90.0,top,R12,,,R_0805_2012Metric_Pad1.20x1.40mm_HandSolder,4.7K,smt
180.1,-120.4299,-90.0,top,R13,,,R_0805_2012Metric_Pad1.20x1.40mm_HandSolder,100K,smt
175.07,-121.3924,90.0,top,R14,,,R_0805_2012Metric_Pad1.20x1.40mm_HandSolder,750R,smt
158.525,-124.1374,90.0,top,R15,,,R_0805_2012Metric_Pad1.20x1.40mm_HandSolder,2K7,smt
160.82,-124.1374,-90.0,top,R16,,,R_0805_2012Metric_Pad1.20x1.40mm_HandSolder,10K,smt
167.82,-124.7299,0.0,top,R17,,,R_0805_2012Metric_Pad1.20x1.40mm_HandSolder,100K,smt
167.82,-127.0299,0.0,top,R18,,,R_0805_2012Metric_Pad1.20x1.40mm_HandSolder,180K,smt
172.07,-83.7124,0.0,top,R2,,,R_0805_2012Metric_Pad1.20x1.40mm_HandSolder,47K,smt
161.57,-93.2124,-90.0,top,R3,,,R_0805_2012Metric_Pad1.20x1.40mm_HandSolder,4.7K,smt
180.2,-93.35,-90.0,top,R4,,,R_0805_2012Metric_Pad1.20x1.40mm_HandSolder,100K,smt
175.2386,-94.5849,90.0,top,R5,,,R_0805_2012Metric_Pad1.20x1.40mm_HandSolder,750R,smt
159.025,-97.49,-90.0,top,R6,,,R_0805_2012Metric_Pad1.20x1.40mm_HandSolder,2K7,smt
161.57,-97.49,-90.0,top,R7,,,R_0805_2012Metric_Pad1.20x1.40mm_HandSolder,10K,smt
168.5536,-98.0174,180.0,top,R8,,,R_0805_2012Metric_Pad1.20x1.40mm_HandSolder,100K,smt
168.57,-100.45,0.0,top,R9,,,R_0805_2012Metric_Pad1.20x1.40mm_HandSolder,180K,smt
212.375,-98.8,0.0,top,RA1,,,R_0603_1608Metric,20R,smt
134.32,-115.8,-90.0,top,RA2,,,R_0603_1608Metric,10K,smt
151.4,-96.8,90.0,top,RV1,,,Potentiometer_Bourns_3296W_Vertical,25K,tht
151.6,-124.8124,90.0,top,RV2,,,Potentiometer_Bourns_3296W_Vertical,25K,tht
172.17,-87.2849,-90.0,top,U1,,,DIP-8_W7.62mm_Socket,OPA2134,tht
172.17,-114.0924,-90.0,top,U2,,,DIP-8_W7.62mm_Socket,OPA2134,tht
