﻿Designator,Quantity,Value,Footprint,Package,MPN,DNP,Mount_Type,LCSC,Description,Mouser
"C1, C5, C6, C8",4,10U,C_1206_3216Metric_Pad1.33x1.80mm_HandSolder,,,,smt,,,
"C10, C11",2,470u,CP_Radial_D6.3mm_P2.50mm,,,,tht,,,
"C2, C3, C4, C7, C9",5,0.1U,C_0805_2012Metric_Pad1.18x1.45mm_HandSolder,,,,smt,,,
"D1, D3",2,BLUE,LED_0603_1608Metric_Pad1.05x0.95mm_HandSolder,,,,smt,XL-1608UBC-04,,
D2,1,YELLOW,LED_0603_1608Metric_Pad1.05x0.95mm_HandSolder,,,,smt,XL-1608UBC-04,,
"H1, H2, H3, H4",4,MountingHole,MountingHole_3.2mm_M3_DIN965_Pad_TopOnly,,,,tht,,,
"J1, J2",2,Conn_01x04_Pin,JST_PH_B4B-PH-K_1x04_P2.00mm_Vertical,,,,tht,,"Generic connector, single row, 01x04, script generated",
"J3, J4",2,Conn_01x02_Pin,PinHeader_1x02_P2.54mm_Vertical,,,,tht,,"Generic connector, single row, 01x02, script generated",
J5,1,Conn_01x03_Pin,JST_PH_B3B-PH-K_1x03_P2.00mm_Vertical,,,,tht,,"Generic connector, single row, 01x03, script generated",
"Q1, Q2",2,2N3055,TSOT-23,,,,smt,,,
R1,1,100R,R_0603_1608Metric_Pad0.98x0.95mm_HandSolder,,,,smt,,,
R2,1,430R,R_0603_1608Metric_Pad0.98x0.95mm_HandSolder,,,,smt,,,
"R3, R4",2,10K,R_0603_1608Metric_Pad0.98x0.95mm_HandSolder,,,,smt,,,
R5,1,150R,R_0603_1608Metric_Pad0.98x0.95mm_HandSolder,,,,smt,,,
"R6, R7",2,4.7K,R_0603_1608Metric_Pad0.98x0.95mm_HandSolder,,,,smt,,,
U1,1,FT232RL,SSOP-28_5.3x10.2mm_P0.65mm,,,,smt,,,
U2,1,ADUM3160,SOIC-16W_7.5x10.3mm_P1.27mm,,,,smt,,"Full/Low Speed, iCoupler USB Digital Isolator, 2.5kV protection",584-ADUM3160BRWZ-R
