﻿pos_x,pos_y,rotation,side,designator,mpn,pack,footprint,value,mount_type
114.425,-70.75,90.0,top,C1,,,C_1206_3216Metric_Pad1.33x1.80mm_HandSolder,10U,smt
153.4,-69.9,90.0,top,C10,,,CP_Radial_D6.3mm_P2.50mm,470u,tht
160.8,-69.9,90.0,top,C11,,,CP_Radial_D6.3mm_P2.50mm,470u,tht
116.775,-72.9,90.0,top,C2,,,C_0805_2012Metric_Pad1.18x1.45mm_HandSolder,0.1U,smt
112.075,-72.8,90.0,top,C3,,,C_0805_2012Metric_Pad1.18x1.45mm_HandSolder,0.1U,smt
104.2,-89.7,-90.0,top,C4,,,C_0805_2012Metric_Pad1.18x1.45mm_HandSolder,0.1U,smt
106.8646,-90.3154,-90.0,top,C5,,,C_1206_3216Metric_Pad1.33x1.80mm_HandSolder,10U,smt
128.2,-106.8,-90.0,top,C6,,,C_1206_3216Metric_Pad1.33x1.80mm_HandSolder,10U,smt
130.7,-106.3,-90.0,top,C7,,,C_0805_2012Metric_Pad1.18x1.45mm_HandSolder,0.1U,smt
149.2,-105.8,90.0,top,C8,,,C_1206_3216Metric_Pad1.33x1.80mm_HandSolder,10U,smt
146.7,-105.3,90.0,top,C9,,,C_0805_2012Metric_Pad1.18x1.45mm_HandSolder,0.1U,smt
101.05,-115.86,180.0,top,D1,,,LED_0603_1608Metric_Pad1.05x0.95mm_HandSolder,BLUE,smt
101.05,-114.16,180.0,top,D2,,,LED_0603_1608Metric_Pad1.05x0.95mm_HandSolder,YELLOW,smt
167.7,-84.0,-90.0,top,D3,,,LED_0603_1608Metric_Pad1.05x0.95mm_HandSolder,BLUE,smt
89.4,-103.0,-90.0,top,J1,,,JST_PH_B4B-PH-K_1x04_P2.00mm_Vertical,Conn_01x04_Pin,tht
167.3,-109.5,90.0,top,J2,,,JST_PH_B4B-PH-K_1x04_P2.00mm_Vertical,Conn_01x04_Pin,tht
127.4,-98.4,0.0,top,J3,,,PinHeader_1x02_P2.54mm_Vertical,Conn_01x02_Pin,tht
151.6,-98.525,0.0,top,J4,,,PinHeader_1x02_P2.54mm_Vertical,Conn_01x02_Pin,tht
167.3,-96.5,90.0,top,J5,,,JST_PH_B3B-PH-K_1x03_P2.00mm_Vertical,Conn_01x03_Pin,tht
114.005,-93.8,180.0,top,Q1,,,TSOT-23,2N3055,smt
114.005,-98.9233,180.0,top,Q2,,,TSOT-23,2N3055,smt
97.3875,-115.9,0.0,top,R1,,,R_0603_1608Metric_Pad0.98x0.95mm_HandSolder,100R,smt
97.3875,-114.2,0.0,top,R2,,,R_0603_1608Metric_Pad0.98x0.95mm_HandSolder,430R,smt
113.485,-90.4233,0.0,top,R3,,,R_0603_1608Metric_Pad0.98x0.95mm_HandSolder,10K,smt
113.485,-102.3,180.0,top,R4,,,R_0603_1608Metric_Pad0.98x0.95mm_HandSolder,10K,smt
167.7,-87.4125,90.0,top,R5,,,R_0603_1608Metric_Pad0.98x0.95mm_HandSolder,150R,smt
124.3,-99.7,90.0,top,R6,,,R_0603_1608Metric_Pad0.98x0.95mm_HandSolder,4.7K,smt
154.8,-99.8,90.0,top,R7,,,R_0603_1608Metric_Pad0.98x0.95mm_HandSolder,4.7K,smt
111.0,-80.7,90.0,top,U1,,,SSOP-28_5.3x10.2mm_P0.65mm,FT232RL,smt
139.2,-98.3,180.0,top,U2,,,SOIC-16W_7.5x10.3mm_P1.27mm,ADUM3160,smt
