﻿pos_x,pos_y,rotation,side,designator,mpn,pack,footprint,value,mount_type
105.0364,-96.39,180.0,top,C1,,,C_0603_1608Metric,0.1u,smt
159.8364,-96.865,-90.0,top,C2,,,CP_Radial_D6.3mm_P2.50mm,470u,tht
159.9364,-105.865,-90.0,top,C3,,,CP_Radial_D6.3mm_P2.50mm,470u,tht
95.0564,-72.565,0.0,top,D1,,,D_SMA,D,smt
130.9964,-81.025,90.0,top,D10,,,LED_0603_1608Metric,RED,smt
145.1364,-81.065,-90.0,top,D11,,,LED_0603_1608Metric,RED,smt
159.4364,-81.025,90.0,top,D12,,,LED_0603_1608Metric,RED,smt
148.8064,-98.145,0.0,top,D13,,,LED_0603_1608Metric,RED,smt
148.9064,-107.245,0.0,top,D14,,,LED_0603_1608Metric,BLUE,smt
109.2164,-72.565,0.0,top,D2,,,D_SMA,D,smt
123.2764,-72.565,0.0,top,D3,,,D_SMA,D,smt
137.0064,-72.565,0.0,top,D4,,,D_SMA,D,smt
151.7364,-72.565,0.0,top,D5,,,D_SMA,D,smt
165.8364,-72.565,0.0,top,D6,,,D_SMA,D,smt
88.6364,-81.065,-90.0,top,D7,,,LED_0603_1608Metric,RED,smt
102.4397,-81.025,90.0,top,D8,,,LED_0603_1608Metric,RED,smt
116.6364,-81.025,90.0,top,D9,,,LED_0603_1608Metric,RED,smt
95.1364,-63.465,0.0,top,J1,,,JST_PH_B3B-PH-K_1x03_P2.00mm_Vertical,Conn_01x03_Pin,tht
106.5114,-112.715,0.0,top,J10,,,JST_PH_B4B-PH-K_1x04_P2.00mm_Vertical,Conn_01x04_Pin,tht
105.3364,-63.465,0.0,top,J2,,,JST_PH_B3B-PH-K_1x03_P2.00mm_Vertical,Conn_01x03_Pin,tht
115.5364,-63.465,0.0,top,J3,,,JST_PH_B3B-PH-K_1x03_P2.00mm_Vertical,Conn_01x03_Pin,tht
125.7364,-63.465,0.0,top,J4,,,JST_PH_B3B-PH-K_1x03_P2.00mm_Vertical,Conn_01x03_Pin,tht
135.9364,-63.465,0.0,top,J5,,,JST_PH_B3B-PH-K_1x03_P2.00mm_Vertical,Conn_01x03_Pin,tht
146.1364,-63.465,0.0,top,J6,,,JST_PH_B3B-PH-K_1x03_P2.00mm_Vertical,Conn_01x03_Pin,tht
168.0364,-98.465,90.0,top,J7,,,JST_PH_B2B-PH-K_1x02_P2.00mm_Vertical,Conn_01x02_Pin,tht
168.0364,-107.265,90.0,top,J8,,,JST_PH_B2B-PH-K_1x02_P2.00mm_Vertical,Conn_01x02_Pin,tht
96.0364,-112.715,0.0,top,J9,,,JST_PH_B3B-PH-K_1x03_P2.00mm_Vertical,Conn_01x03_Pin,tht
94.6364,-83.365,-90.0,top,K1,,,KEMET EA2,EC2-5NU,tht
108.8344,-83.365,-90.0,top,K2,,,KEMET EA2,EC2-5NU,tht
123.0324,-83.365,-90.0,top,K3,,,KEMET EA2,EC2-5NU,tht
137.2304,-83.365,-90.0,top,K4,,,KEMET EA2,EC2-5NU,tht
151.4284,-83.365,-90.0,top,K5,,,KEMET EA2,EC2-5NU,tht
165.6264,-83.365,-90.0,top,K6,,,KEMET EA2,EC2-5NU,tht
88.6764,-77.635,90.0,top,R1,,,R_0603_1608Metric_Pad0.98x0.95mm_HandSolder,4.7K,smt
120.8697,-107.9775,-90.0,top,R10,,,R_0603_1608Metric_Pad0.98x0.95mm_HandSolder,820R,smt
123.6031,-107.9775,-90.0,top,R11,,,R_0603_1608Metric_Pad0.98x0.95mm_HandSolder,820R,smt
126.3364,-107.9775,-90.0,top,R12,,,R_0603_1608Metric_Pad0.98x0.95mm_HandSolder,820R,smt
132.0414,-107.9775,90.0,top,R13,,,R_0603_1608Metric_Pad0.98x0.95mm_HandSolder,820R,smt
134.9414,-107.9775,90.0,top,R14,,,R_0603_1608Metric_Pad0.98x0.95mm_HandSolder,820R,smt
102.4797,-77.635,90.0,top,R2,,,R_0603_1608Metric_Pad0.98x0.95mm_HandSolder,4.7K,smt
116.6764,-77.635,90.0,top,R3,,,R_0603_1608Metric_Pad0.98x0.95mm_HandSolder,4.7K,smt
131.0364,-77.635,90.0,top,R4,,,R_0603_1608Metric_Pad0.98x0.95mm_HandSolder,4.7K,smt
145.1364,-77.635,90.0,top,R5,,,R_0603_1608Metric_Pad0.98x0.95mm_HandSolder,4.7K,smt
159.5364,-77.635,90.0,top,R6,,,R_0603_1608Metric_Pad0.98x0.95mm_HandSolder,4.7K,smt
152.1364,-98.105,0.0,top,R7,,,R_0603_1608Metric_Pad0.98x0.95mm_HandSolder,75R,smt
152.2364,-107.205,0.0,top,R8,,,R_0603_1608Metric_Pad0.98x0.95mm_HandSolder,150R,smt
118.1364,-107.9775,-90.0,top,R9,,,R_0603_1608Metric_Pad0.98x0.95mm_HandSolder,820R,smt
110.0114,-100.1275,90.0,top,U1,,,TSSOP-16_4.4x5mm_P0.65mm,CD74AC238,smt
121.4314,-100.5775,90.0,top,U2,,,SOP-16_4.55x10.3mm_P1.27mm,TCMT4600,smt
135.7614,-100.5775,90.0,top,U3,,,SOP-16_4.55x10.3mm_P1.27mm,TCMT4600,smt
