﻿Designator,Quantity,Value,Footprint,Package,MPN,DNP,Mount_Type,Description,Sim.Device,Sim.Pins,Mouser
C1,1,0.1u,C_0603_1608Metric,,,,smt,"Unpolarized capacitor, small symbol",,,
"C2, C3",2,470u,CP_Radial_D6.3mm_P2.50mm,,,,tht,,,,
"D1, D2, D3, D4, D5, D6",6,D,D_SMA,,,,smt,Diode,D,1=K 2=A,863-NRVA4005T3G
"D10, D11, D12, D13, D7, D8, D9",7,RED,LED_0603_1608Metric,,,,smt,Light emitting diode,,,
D14,1,BLUE,LED_0603_1608Metric,,,,smt,Light emitting diode,,,
"H1, H2, H3, H4",4,MountingHole,MountingHole_3.2mm_M3_DIN965_Pad_TopOnly,,,,tht,,,,
"J1, J2, J3, J4, J5, J6, J9",7,Conn_01x03_Pin,JST_PH_B3B-PH-K_1x03_P2.00mm_Vertical,,,,tht,,,,
J10,1,Conn_01x04_Pin,JST_PH_B4B-PH-K_1x04_P2.00mm_Vertical,,,,tht,"Generic connector, single row, 01x04, script generated",,,
"J7, J8",2,Conn_01x02_Pin,JST_PH_B2B-PH-K_1x02_P2.00mm_Vertical,,,,tht,"Generic connector, single row, 01x02, script generated",,,
"K1, K2, K3, K4, K5, K6",6,EC2-5NU,KEMET EA2,,,,tht,"General purpose signal relay, Kemet EC2 Series, DPDT (2 Form C), non-latching, through hole, 60W/125VA, 220VDC/250VAC, 2A, 5V DC coil",,,80-EA2-12NU 
"R1, R2, R3, R4, R5, R6",6,4.7K,R_0603_1608Metric_Pad0.98x0.95mm_HandSolder,,,,smt,,,,
"R10, R11, R12, R13, R14, R9",6,820R,R_0603_1608Metric_Pad0.98x0.95mm_HandSolder,,,,smt,,,,603-AC0603JR-07820RL
R7,1,75R,R_0603_1608Metric_Pad0.98x0.95mm_HandSolder,,,,smt,,,,
R8,1,150R,R_0603_1608Metric_Pad0.98x0.95mm_HandSolder,,,,smt,,,,
U1,1,CD74AC238,TSSOP-16_4.4x5mm_P0.65mm,,,,smt,"3-to-8 line decoder/multiplexer, SOIC-16",,,512-74AC138MTCX 
"U2, U3",2,TCMT4600,SOP-16_4.55x10.3mm_P1.27mm,,,,smt,"Quad AC/DC Phototransistor Optocoupler, Vce 70V, CTR 80-300%, SOP16",,,782-TCMT4600 
